"Date","Site","ER","NEP","Temp.C","SpCond.uS","pH","Chl.ug.L","Chl.RFU","ODOsat..","ODO.mg.L","Turbid..NTU","SampleCode","Project","Event","Location","TimeStart","TimeEnd","TotalDepth","DeepSampleDepth","TowTime1","TowTime2","TowAngle1","TowAngle2","SecchiDepth","HachTurbidity","EC_min","EC_max","SUNA_NO3_uM","GPS.waypoint.1","GPS.waypoint.2","Notes","ChlA_a_VolumeFiltered_mL","ChlA_b_VolumeFiltered_mL","CHN_VolumeFiltered_mL","Sterivex_VolumeFiltered_mL","X__1","TowDepth1","TowDepth2","TowVolume1","TowVolume2","DateTime_start","DateTime_end","TIMESTAMP","EXOTemp","EXOSpCond","EXOpH","EXOpHmV","EXODOmgL","EXOODO","EXOTurbFNU","EXOChlugL","EXOBGAPCugL","TIMESTAMP_round","NO3_uM","LinearDist","LinearDist_km","SampleLabel","DOC.ppm","NH4.ppm","NO3.ppm","TN.ppm","TDN.ppm","TP.ppm","PO4","DIN.ppm","DON.ppm","TPN.ppm","TSS","VSS","Vg","R.28.40","Area.32","d.34O2.32O2","d.33O2.32O2","Area.40","d.32O2.40Ar","Area.28","d.15N.14N","Area.44","d.13C.12C","d.33O2.32O2_corr","d.32O2.40Ar_corr","d.15N.14N_corr","d.13C.12C_corr","d180_02.vs.air","d180_02.vs.VSMOW","d170_02.vs.air","d15N_N2.vs.air","O2.Ar","d13C.CO2","d13C.TotalDIC","wind.ms","sd.wind.ms","wind.height.ms","zmix.m","delo18.h2o","lake.area.km2","gppv","gppa","rv","ra","nepv","nepa","gpptor","a","b","c","d","g"
2018-09-26,"EC2",-0.03975,0.16525,22.94,854,8.39,3.2,0.8,97.6,8.36,15.8,"SSCN_01_02","SSCN",1,2,1305,1327,34,28,42,30,0,0,0.5,NA,844,850,NA,352,354,NA,500,500,500,NA,NA,28,28,622.7189559722,622.7189559722,"2018-09-26 13:05:00","2018-09-26 13:27:00","2018-09-26 13:16:05",22.95,847.84,8.44,-104.01,NA,NA,12.23,2.95,-1.05,"2018-09-26 13:16:05",NA,13115.4753366177,13.1154753366177,"SSCN_01_02_S",3.388045642176,0.0272472,0.0098868,0.3016208,0.1355175885,0.1760562,0.100848162,0.037134,0.0983835885,0.1661032115,13.91,2.13999999999999,NA,NA,NA,NA,NA,NA,NA,NA,NA,NA,NA,NA,NA,NA,NA,NA,NA,NA,NA,NA,NA,NA,2.83166666666667,0.574224114203969,10,10.5044345898004,-6.1,0.153,NA,NA,NA,NA,NA,NA,NA,0.00204457099882103,NA,NA,0.00198900425760581,NA
2018-09-26,"EC3",-0.01425,0.181,22.785,863.5,8.335,3.9,0.95,97.1,8.345,12.95,"SSCN_01_03","SSCN",1,3,1234,1257,35.9,30,40,42,0,0,0.5,14.5,850,855,NA,350,351,NA,500,500,500,NA,NA,29.9,29.9,664.974885127457,664.974885127457,"2018-09-26 12:34:00","2018-09-26 12:57:00","2018-09-26 12:45:33",22.78,854.64,8.45,-104.29,NA,NA,11.71,2.63,-1.06,"2018-09-26 12:45:32",NA,12735.9753366178,12.7359753366178,"SSCN_01_03_S",3.453190237244,0.0289064,0.0074151,0.4362188,0.1111288365,0.2074452,0.10703005,0.0363215,0.0748073365,0.3250899635,11.41,1.94,NA,NA,NA,NA,NA,NA,NA,NA,NA,NA,NA,NA,NA,NA,NA,NA,NA,NA,NA,NA,NA,NA,2.83166666666667,0.574224114203969,10,10.4462305986696,-6.01,0.153,NA,NA,NA,NA,NA,NA,NA,0.00204457099882103,NA,NA,0.00198918400838415,NA
2018-09-26,"EC4",-0.025,0.178,22.25,867,8.365,3.2,0.75,95.3,8.275,12.95,"SSCN_01_04","SSCN",1,4,1215,1231,34.4,28,43,30,0,45,0.5,13,861,865,NA,348,349,NA,500,500,500,NA,NA,28.4,40.1636651713959,631.614941057517,893.238415841024,"2018-09-26 12:15:00","2018-09-26 12:31:00","2018-09-26 12:23:06",22.54,862.105,8.46,-104.77,NA,NA,11.5,2.53,-1.06,"2018-09-26 12:23:05",NA,12358.4753366178,12.3584753366178,"SSCN_01_04_S",3.574821140336,0.0305656,0.0074151,0.3868662,0.133981944,0.1572228,0.10703005,0.0379807,0.096001244,0.252884256,11.8,1.84999999999999,NA,NA,NA,NA,NA,NA,NA,NA,NA,NA,NA,NA,NA,NA,NA,NA,NA,NA,NA,NA,NA,NA,2.83166666666667,0.574224114203969,10,10.9312638580931,-6.01,0.153,NA,NA,NA,NA,NA,NA,NA,0.00204457099882103,NA,NA,0.00198918400838415,NA
2018-09-26,"EC5",-0.02775,0.1435,21.925,873.5,8.18,2.6,0.6,92.8,8.105,13.6,"SSCN_01_05","SSCN",1,5,1138,1159,37.7,31,47,39,45,0,0.5,12.9,868,872,NA,346,347,NA,500,500,500,NA,NA,44.8305699272271,31.7,997.030203597199,705.006818011384,"2018-09-26 11:38:00","2018-09-26 11:59:00","2018-09-26 11:48:34",22.2,869.94,8.45,-104.42,NA,NA,11.01,2.03,-1.07,"2018-09-26 11:48:35",NA,11978.9753366178,11.9789753366178,"SSCN_01_05_S",3.564282019196,0.0355432,0.0074151,0.2926476,0.106599066,0.1948896,0.1054836345,0.0429583,0.063640766,0.186048534,12.17,1.94999999999999,5.322,0.0383412900181963,9.72033333333331,-3.17533333333333,-1.25016666666667,1.038,-106.356166666667,27.0058333333333,19.4805,73.685,1.34333333333334,-1.40882218531172,-85.1787728931778,14.67438938781,0.844312855694038,-1.03477979596567,22.7405924448902,-0.606746637409894,2.03577478764916,19.8615500692448,-10.1154899994471,-10.6942546045809,2.83166666666667,0.574224114203969,10,9.91407982261641,-6.01,0.153,0.293868777901703,2.91343852149222,0.396714812755798,3.93306232047531,-0.102846034854095,-1.01962379898309,0.740755748090997,0.00204457099882103,0.00204087177885681,0.00201590323122138,0.00198918400838415,0.00209224983391539
2018-09-26,"EC6",-0.02075,0.1445,23.41,884,8.35,3.3,0.8,99.7,8.46,11.8,"SSCN_01_06","SSCN",1,6,1359,1420,32,26,35,44,30,60,0.6,11.6,873,875,NA,357,358,NA,500,500,500,NA,NA,30.0222139978605,52,667.692919882917,1156.47806109123,"2018-09-26 13:59:00","2018-09-26 14:20:00","2018-09-26 14:09:35",24.09,873.375,8.49,-106.61,NA,NA,10.19,2.98,-1.06,"2018-09-26 14:09:35",NA,12229.9753366175,12.2299753366175,"SSCN_01_06_S",3.5402322975,0.0230992,0.0041195,0.333027,0.1401336,0.1697784,0.1054836345,0.0272187,0.1129149,0.1928934,10.33,1.78999999999999,NA,NA,NA,NA,NA,NA,NA,NA,NA,NA,NA,NA,NA,NA,NA,NA,NA,NA,NA,NA,NA,NA,2.83166666666667,0.574224114203969,10,10.6984478935698,-6.01,0.153,NA,NA,NA,NA,NA,NA,NA,0.00204457099882103,NA,NA,0.00198918400838415,NA
2018-09-26,"EC7",-0.0385,0.185,23.75,882,8.53,4.3,1,101.2,8.54,11.5,"SSCN_01_07","SSCN",1,7,1425,1442,32,26,40,48,0,60,0.6,12.8,876,880,NA,359,360,NA,500,500,500,NA,NA,26,52,578.239030545614,1156.47806109123,"2018-09-26 14:25:00","2018-09-26 14:42:00","2018-09-26 14:33:21",24.215,876.4,8.5,-107.345,NA,NA,10.23,3.07,-1.07,"2018-09-26 14:33:20",NA,11791.4753366181,11.7914753366181,"SSCN_01_07_S",3.534531199856,0.0247584,0,0.3734064,0.15561865,0.1886118,0.1054836345,0.0247584,0.13086025,0.21778775,12.7631578947369,2.51315789473684,NA,NA,NA,NA,NA,NA,NA,NA,NA,NA,NA,NA,NA,NA,NA,NA,NA,NA,NA,NA,NA,NA,2.83166666666667,0.574224114203969,10,10.4212860310421,-6.01,0.153,NA,NA,NA,NA,NA,NA,NA,0.00204457099882103,NA,NA,0.00198918400838415,NA
2018-09-26,"EC8",-0.0355,0.15125,22.91,885,8.47,3.1,0.7,100.6,8.62,9.2,"SSCN_01_08","SSCN",1,8,1450,1506,32.5,26,42,37,0,0,0.6,11,877,880,NA,361,362,"Changing water level made it difficult to sample this site. Should move this site to a slightly greater conductivity next trip. Same observed cond as site EC07",500,500,500,NA,NA,26.5,26.5,589.359011902261,589.359011902261,"2018-09-26 14:50:00","2018-09-26 15:06:00","2018-09-26 14:58:00",24.02,881.38,8.5,-107.345,NA,NA,10.96,3.14,-1.05,"2018-09-26 14:58:00",NA,11198.5123996261,11.1985123996261,"SSCN_01_08_S",3.504848056176,0.0206104,0.0041195,0.3375136,0.158733816,0.182334,0.10703005,0.0247299,0.134003916,0.178779784,7.91,1.48999999999998,NA,NA,NA,NA,NA,NA,NA,NA,NA,NA,NA,NA,NA,NA,NA,NA,NA,NA,NA,NA,NA,NA,2.83166666666667,0.574224114203969,10,10.6014412416851,-5.95,0.153,NA,NA,NA,NA,NA,NA,NA,0.00204457099882103,NA,NA,0.0019893038422004,NA
2018-09-26,"NL70",-0.0165,0.1305,21.38,768,7.93,3.2,0.8,90.7,8.01,22.8,"SSCN_01_01","SSCN",1,1,1015,1055,35,28,39,34,0,0,0.5,21,763,NA,NA,NA,NA,NA,500,500,500,NA,NA,29,29,644.958918685493,644.958918685493,"2018-09-26 10:15:00","2018-09-26 10:55:00","2018-09-26 10:34:09",21.5,761.73,8.33,-98.01,NA,NA,18.44,2.29,-1.06,"2018-09-26 10:34:10",NA,14904.6651854491,14.9046651854491,"SSCN_01_01_S",3.314708042684,0.0372024,0.0230692,0.4182724,0.1571754765,0.2074452,0.1023926905,0.0602716,0.0969038765,0.2610969235,21.0625,2.89999999999999,NA,NA,NA,NA,NA,NA,NA,NA,NA,NA,NA,NA,NA,NA,NA,NA,NA,NA,NA,NA,NA,NA,2.83166666666667,0.574224114203969,10,10.2272727272727,-6.73,0.153,NA,NA,NA,NA,NA,NA,NA,0.00204457099882103,NA,NA,0.00198774600034443,NA
2018-09-26,"NL76",-0.029,0.10975,23.465,994,8.495,2.7,0.65,104.75,8.88,4.1,"SSCN_01_09","SSCN",1,9,1520,1540,34.6,28,40,40,0,0,1.1,3.9,984,993,NA,NA,NA,NA,500,500,500,NA,NA,28.6,28.6,636.062933600176,636.062933600176,"2018-09-26 15:20:00","2018-09-26 15:40:00","2018-09-26 15:29:57",24.02,986.11,8.63,-114.51,NA,NA,4.41,2.61,-1.07,"2018-09-26 15:29:55",NA,7335.54958283604,7.33554958283604,"SSCN_01_09_S",3.7095280591,0.0197808,0,0.2298352,0.1478572125,0.1572228,0.10703005,0.0197808,0.1280764125,0.0819779875,3.85000000000002,1.35000000000002,NA,NA,NA,NA,NA,NA,NA,NA,NA,NA,NA,NA,NA,NA,NA,NA,NA,NA,NA,NA,NA,NA,2.83166666666667,0.574224114203969,10,10.9368070953437,-5.83,0.153,NA,NA,NA,NA,NA,NA,NA,0.00204457099882103,NA,NA,0.00198954350974658,NA
2018-09-28,"EC2",-0.01375,0.084,21.46,852,8.27,2.3,0.5,89.6,7.9,11.8,"SSCN_02_02","SSCN",2,2,1214,1231,34,28,42,40,0,0,0.5,12.5,846,848,NA,388,389,NA,500,500,500,NA,NA,28,28,622.7189559722,622.7189559722,"2018-09-28 12:14:00","2018-09-28 12:31:00","2018-09-28 12:22:20",21.58,847.505,8.35,-98.71,7.93,90.115,9.96,1.94,-1.07,"2018-09-28 12:22:20",NA,11783.4753366175,11.7834753366175,"SSCN_02_02_S",3.3749011824,0.0247584,0.0115346,0.3868662,0.1171897125,0.182334,0.110124768,0.036293,0.0808967125,0.2696764875,11.4444444444445,1.88888888888891,5.806,0.0391069186413395,16.9803333333333,-2.53333333333333,-0.894499999999999,1.81,-121.1135,46.638,18.6105,134.5245,0.779666666666669,-0.797033577183741,-134.27265533028,17.0046233447957,0.691004525561861,-0.391401183039208,23.3992834688045,0.00553336368647199,4.33698373994523,18.795679956893,-10.2671195179472,-10.802825170445,5.32833333333333,4.23452870262245,10,10.5044345898004,-6.1,0.153,0.354038769658191,3.71897709812788,0.562251645781898,5.90613563612357,-0.208212876123707,-2.18715853799569,0.629680272728851,0.00204457099882103,0.00204218350042907,0.00201719890485623,0.00198900425760581,0.00206514021573634
2018-09-28,"EC3",-0.02475,0.084,21.45,857,8.24,1.8,0.4,91.5,8.07,12.1,"SSCN_02_03","SSCN",2,3,1145,1205,33,27,47,27,60,0,0.55,11.8,852,854,NA,387,NA,NA,500,500,500,NA,NA,54,27,1200.95798651781,600.478993258907,"2018-09-28 11:45:00","2018-09-28 12:05:00","2018-09-28 11:55:10",21.51,852.61,8.36,-99.09,8,90.93,9.72,1.94,-1.07,"2018-09-28 11:55:10",NA,11271.5992759416,11.2715992759416,"SSCN_02_03_S",3.483125907904,0.0222696,0.0098868,0.2836744,0.161855034,0.150945,0.1085770945,0.0321564,0.129698634,0.121819366,10.49,1.81999999999999,NA,NA,NA,NA,NA,NA,NA,NA,NA,NA,NA,NA,NA,NA,NA,NA,NA,NA,NA,NA,NA,NA,5.32833333333333,4.23452870262245,10,10.4462305986696,-6.01,0.153,NA,NA,NA,NA,NA,NA,NA,0.00204457099882103,NA,NA,0.00198918400838415,NA
2018-09-28,"EC4",-0.034,0.07175,21.43,868,8.285,2.2,0.5,90.8,8.005,10.65,"SSCN_02_04","SSCN",2,4,1122,1134,38,32,54,43,0,0,0.6,11.1,862,863,NA,385,386,NA,500,500,500,NA,NA,32,32,711.678806825372,711.678806825372,"2018-09-28 11:22:00","2018-09-28 11:34:00","2018-09-28 11:27:57",21.45,862.625,8.37,-99.58,8.06,91.44,9.29,1.99,-1.06,"2018-09-28 11:27:57",NA,10640.2737541816,10.6402737541816,"SSCN_02_04_S",3.512035455344,0.0230992,0.0090629,0.310594,0.1634179125,0.1446672,0.110124768,0.0321621,0.1312558125,0.1471760875,4.1263157894737,0.74736842105264,NA,NA,NA,NA,NA,NA,NA,NA,NA,NA,NA,NA,NA,NA,NA,NA,NA,NA,NA,NA,NA,NA,5.32833333333333,4.23452870262245,10,10.9312638580931,-6.01,0.153,NA,NA,NA,NA,NA,NA,NA,0.00204457099882103,NA,NA,0.00198918400838415,NA
2018-09-28,"EC5",-0.01975,0.09775,21.39,880,8.29,2.7,0.6,89.6,7.9,11,"SSCN_02_05","SSCN",2,5,931,947,31,25,55,43,66,20,0.6,11.2,870,872,NA,377,378,NA,500,500,500,NA,NA,61.464833389356,26.6044443118978,1366.97560275803,591.681849504484,"2018-09-28 09:31:00","2018-09-28 09:47:00","2018-09-28 09:39:00",21.4,871.785,8.36,-99.45,8.5,96.32,9.36,1.93,-1.07,"2018-09-28 09:39:00",NA,9719.03532506181,9.71903532506181,"SSCN_02_05_S",3.549446959036,0.0230992,0.008239,0.5035178,0.1202292285,0.1697784,0.1116730705,0.0313382,0.0888910285,0.3832885715,10.15,1.76000000000002,5.546,0.0407143073861466,8.6655,-2.7345,-0.976166666666668,0.9835,-156.6265,24.2708333333333,23.1928333333333,72.331,1.07333333333334,-1.17203512763286,-128.466325084099,17.9408911417274,0.565180216739614,-0.592999829405307,23.1928867746548,-0.369769390679453,5.26158954168743,18.9217403449623,-10.3915659804836,-10.9503215005855,5.32833333333333,4.23452870262245,10,9.91407982261641,-6.01,0.153,0.412255277668448,4.08713173009989,0.631609101359465,6.26182304756876,-0.219353823691017,-2.17469131746887,0.652706360280621,0.00204457099882103,0.00204177248108724,0.00201679291403021,0.00198918400838415,0.00206868130545061
2018-09-28,"EC6",-0.0075,0.11375,21.395,879,8.26,1.9,0.45,89.4,7.89,11.2,"SSCN_02_06","SSCN",2,6,1000,1021,33,27,48,45,60,60,0.6,11.3,874,875,NA,379,380,NA,500,500,500,NA,NA,54,54,1200.95798651781,1200.95798651781,"2018-09-28 10:00:00","2018-09-28 10:21:00","2018-09-28 10:10:32",21.43,873.59,8.37,-99.61,8.39,95.17,9.31,1.77,-1.07,"2018-09-28 10:10:30",NA,9864.77375418211,9.86477375418211,"SSCN_02_06_S",3.484063669504,0.0264176,0.008239,0.2926476,0.1759754085,0.1697784,0.110124768,0.0346566,0.1413188085,0.1166721915,10.4,1.76999999999998,NA,NA,NA,NA,NA,NA,NA,NA,NA,NA,NA,NA,NA,NA,NA,NA,NA,NA,NA,NA,NA,NA,5.32833333333333,4.23452870262245,10,10.6984478935698,-6.01,0.153,NA,NA,NA,NA,NA,NA,NA,0.00204457099882103,NA,NA,0.00198918400838415,NA
2018-09-28,"EC7",-0.0155,0.1075,21.39,882,8.29,2.4,0.6,90.9,8.02,10.5,"SSCN_02_07","SSCN",2,7,1026,1040,24,18,39,37,0,10,0.7,10.5,879,880,NA,381,382,NA,500,500,500,NA,NA,18,18.2776790139434,400.319328839272,406.494899755637,"2018-09-28 10:26:00","2018-09-28 10:40:00","2018-09-28 10:33:01",21.42,879.525,8.37,-100.08,8.31,94.21,8.76,1.88,-1.07,"2018-09-28 10:33:00",NA,9844.77375418231,9.84477375418231,"SSCN_02_07_S",3.5449178439,0.0247584,0.008239,0.2702146,0.115672224,0.1572228,0.1116730705,0.0329974,0.082674824,0.154542376,9.66000000000003,1.65000000000001,NA,NA,NA,NA,NA,NA,NA,NA,NA,NA,NA,NA,NA,NA,NA,NA,NA,NA,NA,NA,NA,NA,5.32833333333333,4.23452870262245,10,10.4212860310421,-6.01,0.153,NA,NA,NA,NA,NA,NA,NA,0.00204457099882103,NA,NA,0.00198918400838415,NA
2018-09-28,"EC8",-0.006,0.08775,21.41,893,8.28,2,0.5,91.6,8.08,9.9,"SSCN_02_08","SSCN",2,8,1045,1102,36,30,46,46,0,0,0.7,10.3,888,889,NA,383,384,NA,500,500,500,NA,NA,30,30,667.198881398786,667.198881398786,"2018-09-28 10:45:00","2018-09-28 11:02:00","2018-09-28 10:53:22",21.46,888.875,8.39,-100.64,8.21,93.12,8.45,1.87,-1.07,"2018-09-28 10:53:22",NA,9686.53532506139,9.68653532506139,"SSCN_02_08_S",3.492112363484,0.0239288,0.0074151,0.3240538,0.1416752965,0.1635006,0.110124768,0.0313439,0.1103313965,0.1823785035,10.3,1.83333333333334,5.684,0.0410300594758227,8.22616666666667,-2.87516666666667,-1.02233333333334,0.943333333333335,-166.7775,23.9501666666667,21.152,72.4443333333333,1.265,-1.23370081720339,-135.315701315743,15.8477860254084,0.757611309118861,-0.733968559755771,23.048562988522,-0.431484610571131,3.1945557928528,18.77303453782,-10.2012421157807,-10.7477390685996,5.32833333333333,4.23452870262245,10,10.6014412416851,-5.95,0.153,0.376730239785109,3.99388350104777,0.542805008929516,5.75451540785862,-0.166074769144407,-1.76063190681085,0.694043410778519,0.00204457099882103,0.00204148507382297,0.00201650902297997,0.0019893038422004,0.00207822227618082
2018-09-28,"NL70",-0.0125,0.1225,21.04,681,8.45,2.2,0.5,92.1,8.19,22.6,"SSCN_02_01","SSCN",2,1,840,902,37,31,40,46,0,0,0.5,21.8,676,NA,NA,NA,NA,"Bad SUNA data",500,500,500,NA,NA,31,31,689.438844112079,689.438844112079,"2018-09-28 08:40:00","2018-09-28 09:02:00","2018-09-28 08:52:03",21.07,677.79,8.19,-90.3,8.57,96.47,17.23,1.95,-1.07,"2018-09-28 08:52:05",NA,14893.6651854484,14.8936651854484,"SSCN_02_01_S",3.177019859184,0.0280768,0.041195,0.3913528,0.158733816,0.1572228,0.103937848,0.0692718,0.089462016,0.232618984,17,2.74285714285713,5.734,0.0441706007280622,7.47666666666666,-2.00933333333333,-0.7985,0.861166666666665,-172.711833333333,20.0965,23.5573333333334,63.6015,1.35433333333334,-1.03630872286803,-135.921765480465,17.624934241176,0.787300326228058,0.133724039972527,23.9369066721239,-0.233933969499389,4.94956814747965,18.7598763672439,-10.1718782099504,-10.7140132665068,5.32833333333333,4.23452870262245,10,10.2272727272727,-6.73,0.153,0.220146979470417,2.25150319912926,0.381348413427078,3.90015422823146,-0.161201433956661,-1.64865102910221,0.577285683430579,0.00204457099882103,0.00204325412419607,0.00201825643033808,0.00198774600034443,0.00205992342324615
2018-09-28,"NL76",-0.01625,0.135,21.84,978,8.42,2.8,0.7,92,8.05,6.5,"SSCN_02_09","SSCN",2,9,1316,1331,36,30,44,38,0,0,1.1,7.25,970,973,NA,390,NA,NA,500,500,500,NA,NA,30,30,667.198881398786,667.198881398786,"2018-09-28 13:16:00","2018-09-28 13:31:00","2018-09-28 13:23:25",21.85,972.49,8.48,-105.86,7.8,89.21,5.94,2.16,-1.06,"2018-09-28 13:23:25",NA,7350.04958283585,7.35004958283585,"SSCN_02_09_S",3.7196594375,0.0189512,0.0032956,0.2388084,0.12479985,0.1572228,0.1116730705,0.0222468,0.10255305,0.11400855,6.94999999999999,1.44,5.189,0.0397077729878916,9.27216666666667,-3.40766666666666,-1.46833333333333,1.01716666666667,-127.8735,25.6225,24.5151666666667,82.4471666666667,1.15916666666666,-1.64279950167053,-103.922991920864,19.4835592775631,0.719246414009024,-1.26761203543085,22.5022187981259,-0.840911886016038,6.78504246106682,19.4545970671762,-10.2391868939138,-10.829752697312,5.32833333333333,4.23452870262245,10,10.9368070953437,-5.83,0.153,0.458737831253932,5.01712716776058,0.612712495101143,6.70111836382792,-0.153974663847211,-1.68399119606734,0.748699977431023,0.00204457099882103,0.00204039707918023,0.00201543433914213,0.00198954350974658,0.00209257107469015
2018-10-01,"EC2",-0.018,0.0895,21.04,843,8.09,2.6,0.6,91.4,8.13,10.5,"SSCN_03_02","SSCN",3,2,1013,1026,38,32,40,40,0,0,0.8,11.3,840,842,NA,397,398,NA,500,500,500,NA,NA,32,32,711.678806825372,711.678806825372,"2018-10-01 10:13:00","2018-10-01 10:26:00","2018-10-01 10:19:32",21.11,840.72,8.29,-95.68,8.01,90.28,9.11,2.26,-1.06,"2018-10-01 10:19:30",NA,10230.7737541818,10.2307737541818,"SSCN_03_02_S",3.436771939964,0.0206104,0.0148302,0.1894558,0.164982304,0.1697784,0.1116730705,0.0354406,0.129541704,0.024473496,8.01999999999998,1.53999999999999,NA,NA,NA,NA,NA,NA,NA,NA,NA,NA,NA,NA,NA,NA,NA,NA,NA,NA,NA,NA,NA,NA,5.44166666666667,2.26981460329546,10,10.5044345898004,-6.1,0.153,NA,NA,NA,NA,NA,NA,NA,0.00204457099882103,NA,NA,0.00198900425760581,NA
2018-10-01,"EC3",-0.0175,0.08325,21.03,862,8.07,2.4,0.6,90.9,8.08,12,"SSCN_03_03","SSCN",3,3,935,1002,36,30,58,46,60,30,0.8,11.2,853,854,NA,395,396,NA,500,500,500,NA,NA,60,34.6410161513775,1334.39776279757,770.414907557212,"2018-10-01 09:35:00","2018-10-01 10:02:00","2018-10-01 09:49:06",21.09,849.67,8.27,-94.54,7.99,89.98,10.17,2.12,-1.06,"2018-10-01 09:49:05",NA,10299.7737541824,10.2997737541824,"SSCN_03_03_S",3.546011100764,0.0230992,0.0140063,0.3081783682,0.2304250485,0.1697784,0.110124768,0.0371055,0.1933195485,0.0777533197,9.69999999999999,1.69,NA,NA,NA,NA,NA,NA,NA,NA,NA,NA,NA,NA,NA,NA,NA,NA,NA,NA,NA,NA,NA,NA,5.44166666666667,2.26981460329546,10,10.4462305986696,-6.01,0.153,NA,NA,NA,NA,NA,NA,NA,0.00204457099882103,NA,NA,0.00198918400838415,NA
2018-10-01,"EC4",-0.0165,0.101,21.095,866.5,8.19,2.65,0.6,91.55,8.125,8.75,"SSCN_03_04","SSCN",3,4,920,930,36,30,48,47,0,30,0.8,10.1,865,866,NA,393,394,NA,500,500,500,NA,NA,30,34.6410161513775,667.198881398786,770.414907557212,"2018-10-01 09:20:00","2018-10-01 09:30:00","2018-10-01 09:24:26",21.14,866.32,8.32,-97.23,8.06,90.83,8.2,2.41,-1.06,"2018-10-01 09:24:25",NA,9660.53532506208,9.66053532506208,"SSCN_03_04_S",3.596675875056,0.0272472,0.0115346,0.2388084,0.180709434,0.1760562,0.1240821345,0.0387818,0.141927634,0.058098966,7.16,1.37,NA,NA,NA,NA,NA,NA,NA,NA,NA,NA,NA,NA,NA,NA,NA,NA,NA,NA,NA,NA,NA,NA,5.44166666666667,2.26981460329546,10,10.9312638580931,-6.01,0.153,NA,NA,NA,NA,NA,NA,NA,0.00204457099882103,NA,NA,0.00198918400838415,NA
2018-10-01,"EC5",-0.01725,0.082,21.19,880,8.13,3.6,0.9,92.4,8.19,8.7,"SSCN_03_05","SSCN",3,5,855,915,28,22,41,47,0,30,0.8,8.92,872,873,NA,392,NA,NA,500,500,500,NA,NA,22,25.4034118443435,489.279179692443,564.970932208622,"2018-10-01 08:55:00","2018-10-01 09:15:00","2018-10-01 09:04:57",21.2,875.345,8.33,-97.6,8.13,91.81,7.575,2.46,-1.05,"2018-10-01 09:04:57",NA,9280.10700945016,9.28010700945016,"SSCN_03_05_S",3.609629945344,0.017292,0.0090629,0.2253486,0.1854570765,0.1635006,0.110124768,0.0263549,0.1591021765,0.0398915235,7.84,1.47,5.851,0.0404824552788657,8.67983333333333,-2.75466666666667,-1.066,0.9495,-124.541,23.5691666666666,22.8865,70.1755,1.27333333333333,-1.26136280240409,-96.461406831773,17.5201793227548,0.750641514179597,-0.613209801410497,23.1721958053158,-0.459168814075428,4.84611803881363,19.616594451421,-10.2081355875821,-10.7398289262209,5.44166666666667,2.26981460329546,10,9.91407982261641,-6.01,0.153,0.36758790019404,3.64429578435167,0.530133893659613,5.25578973841584,-0.162545993465573,-1.61149395406417,0.693386905818286,0.00204457099882103,0.00204173127697542,0.00201675221402004,0.00198918400838415,0.00207909603810183
2018-10-01,"EC6",-0.02,0.1245,21.24,880,8.11,4,1,94.1,8.33,6.8,"SSCN_03_06","SSCN",3,6,1041,1052,40,34,NA,NA,NA,NA,0.9,9.42,878,879,NA,399,403,NA,500,500,500,NA,NA,34,34,756.158732251957,756.158732251957,"2018-10-01 10:41:00","2018-10-01 10:52:00","2018-10-01 10:46:40",21.35,878.7,8.35,-98.53,8.23,93.21,7.44,2.98,-1.04,"2018-10-01 10:46:40",NA,8696.1070094504,8.6961070094504,"SSCN_03_06_S",3.601280259836,0.017292,0.0090629,0.2118888,0.1854570765,0.1446672,0.110124768,0.0263549,0.1591021765,0.0264317235000001,7.66000000000003,1.41000000000003,NA,NA,NA,NA,NA,NA,NA,NA,NA,NA,NA,NA,NA,NA,NA,NA,NA,NA,NA,NA,NA,NA,5.44166666666667,2.26981460329546,10,10.6984478935698,-6.01,0.153,NA,NA,NA,NA,NA,NA,NA,0.00204457099882103,NA,NA,0.00198918400838415,NA
2018-10-01,"EC7",-0.01875,0.10875,21.33,884,8.17,4.4,1,94.2,8.32,7.1,"SSCN_03_07","SSCN",3,7,1057,1110,40,30,46,47,45,30,0.9,8.54,884,885,NA,404,405,NA,500,500,500,NA,NA,48.0832611206852,39.2598183048946,1069.36993445756,873.136895231508,"2018-10-01 10:57:00","2018-10-01 11:10:00","2018-10-01 11:03:32",21.43,883.135,8.37,-99.76,8.34,94.61,6.9,3.09,-1.04,"2018-10-01 11:03:32",NA,8292.87251346634,8.29287251346634,"SSCN_03_07_S",3.540076108156,0.0197808,0.0074151,0.198429,0.164982304,0.1446672,0.10703005,0.0271959,0.137786404,0.033446696,7.1157894736842,1.29473684210525,NA,NA,NA,NA,NA,NA,NA,NA,NA,NA,NA,NA,NA,NA,NA,NA,NA,NA,NA,NA,NA,NA,5.44166666666667,2.26981460329546,10,10.4212860310421,-6.01,0.153,NA,NA,NA,NA,NA,NA,NA,0.00204457099882103,NA,NA,0.00198918400838415,NA
2018-10-01,"EC8",-0.0165,0.126,21.47,891,8.25,3.7,0.9,95.7,8.44,7.2,"SSCN_03_08","SSCN",3,8,1142,1202,38,32,43,37,30,0,0.8,7.8,888,890,NA,410,413,NA,500,500,500,NA,NA,36.950417228136,32,821.77590139436,711.678806825372,"2018-10-01 11:42:00","2018-10-01 12:02:00","2018-10-01 11:51:01",21.58,888.495,8.39,-100.67,8.39,95.445,6.6,3.13,-1.03,"2018-10-01 11:51:00",NA,8205.37251346586,8.20537251346586,"SSCN_03_08_S",3.543277932144,0.0123144,0.0065912,0.2118888,0.164982304,0.150945,0.113222002,0.0189056,0.146076704,0.046906496,6.81,1.25,NA,NA,NA,NA,NA,NA,NA,NA,NA,NA,NA,NA,NA,NA,NA,NA,NA,NA,NA,NA,NA,NA,5.44166666666667,2.26981460329546,10,10.6014412416851,-5.95,0.153,NA,NA,NA,NA,NA,NA,NA,0.00204457099882103,NA,NA,0.0019893038422004,NA
2018-10-01,"NL70",-0.017,0.06075,20.77,736,8.45,2.1,0.5,90,8.04,19.9,"SSCN_03_01","SSCN",3,1,817,836,31,25,41,43,30,30,0.5,17.5,730,735,NA,391,NA,NA,500,500,500,NA,NA,28.8675134594813,28.8675134594813,642.012422964344,642.012422964344,"2018-10-01 08:17:00","2018-10-01 08:36:00","2018-10-01 08:26:26",20.81,733.93,8.17,-88.95,7.95,89.06,15.39,1.76,-1.07,"2018-10-01 08:26:25",NA,14898.1651854489,14.8981651854489,"SSCN_03_01_S",3.281893080576,0.0272472,0.032956,0.2791878,0.2271737125,0.1697784,0.10703005,0.0602032,0.1669705125,0.0520140875,11.9888888888889,2.04444444444445,NA,NA,NA,NA,NA,NA,NA,NA,NA,NA,NA,NA,NA,NA,NA,NA,NA,NA,NA,NA,NA,NA,5.44166666666667,2.26981460329546,10,10.2272727272727,-6.73,0.153,NA,NA,NA,NA,NA,NA,NA,0.00204457099882103,NA,NA,0.00198774600034443,NA
2018-10-01,"NL76",-0.02,0.13175,21.53,923,8.4,4.2,1,96.7,8.51,5.8,"SSCN_03_09","SSCN",3,9,1208,1227,39,33,39,43,0,0,1.2,7.3,NA,NA,NA,414,415,NA,500,500,500,NA,NA,33,33,733.918769538664,733.918769538664,"2018-10-01 12:08:00","2018-10-01 12:27:00","2018-10-01 12:16:49",21.72,915.04,8.43,-103.2,8.59,98,5.9,3.68,-1.01,"2018-10-01 12:16:50",NA,7330.04958283617,7.33004958283617,"SSCN_03_09_S",3.649338189756,0.0148032,0.0032956,0.220862,0.1509572485,0.1446672,0.103937848,0.0180988,0.1328584485,0.0699047515000001,6.08000000000001,1.39000000000001,NA,NA,NA,NA,NA,NA,NA,NA,NA,NA,NA,NA,NA,NA,NA,NA,NA,NA,NA,NA,NA,NA,5.44166666666667,2.26981460329546,10,10.9368070953437,-5.83,0.153,NA,NA,NA,NA,NA,NA,NA,0.00204457099882103,NA,NA,0.00198954350974658,NA
2018-10-03,"EC2",-0.01375,0.21675,21.56,853,7.56,4.2,1,98.2,8.64,7.5,"SSCN_04_02","SSCN",4,2,1050,1102,33,27,40,35,0,0,0.9,8.9,846,849,4.26,442,443,NA,500,500,500,NA,NA,27,27,600.478993258907,600.478993258907,"2018-10-03 10:50:00","2018-10-03 11:02:00","2018-10-03 10:56:00",21.64,848.57,8.35,-98.85,8.61,98.035,8.88,4.26,-1.01,"2018-10-03 10:56:00",4.2,11531.3158493557,11.5313158493557,"SSCN_04_02_S",3.49154511666667,0.0360696,0.0367025734,0.6515756,0.21907185,0.2325564,0.119222002,0.0727721734,0.1462996766,0.43250375,7.77894736842107,1.51578947368421,5.6565,0.039795205276079,9.16183333333332,-3.779,-1.72183333333333,0.965333333333335,-91.9138333333335,24.6426666666667,13.0853333333333,69.4206666666666,1.3795,-1.90019189664866,-67.0988711794108,7.89400358863035,0.851716880769382,-1.63974275962619,22.1212313626947,-1.09851102039943,-4.66015565929872,20.2540801751221,-10.1081670525715,-10.6571178932029,6.30166666666667,1.71506802586175,10,10.5044345898004,-6.1,0.153,0.47399583753218,4.97905827119445,0.514708253664453,5.40671918344864,-0.0407124161322723,-0.427660912254189,0.92090195592859,0.00204457099882103,0.00203963837603085,0.00201468491816124,0.00198900425760581,0.00231367297548518
2018-10-03,"EC3",-0.02925,0.19375,21.48,856.5,7.72,3.65,0.9,96.45,8.5,7.55,"SSCN_04_03","SSCN",4,3,1027,1041,37,31,45,44,20,20,0.7,8.61,849,853,4.24,439,441,NA,500,500,500,NA,NA,32.9895109467533,32.9895109467533,733.68549338556,733.68549338556,"2018-10-03 10:27:00","2018-10-03 10:41:00","2018-10-03 10:34:03",21.6,851.4,8.35,-98.59,8.53,97.04,8.2,4.09,-1.01,"2018-10-03 10:34:05",4.28,11796.9753366182,11.7969753366182,"SSCN_04_03_S",3.3871895875,0.039521256,0.0350668326,0.3016208,0.164982304,0.1760562,0.1145770945,0.0745880886,0.0903942154,0.136638496,7.44,1.42000000000002,NA,NA,NA,NA,NA,NA,NA,NA,NA,NA,NA,NA,NA,NA,NA,NA,NA,NA,NA,NA,NA,NA,6.30166666666667,1.71506802586175,10,10.4462305986696,-6.01,0.153,NA,NA,NA,NA,NA,NA,NA,0.00204457099882103,NA,NA,0.00198918400838415,NA
2018-10-03,"EC4",-0.018,0.16725,21.45,865,7.49,4,1,96.4,8.5,7.1,"SSCN_04_04","SSCN",4,4,1007,1019,36,30,40,48,0,30,0.8,8.23,859,863,4.46,437,438,NA,500,500,500,NA,NA,30,34.6410161513775,667.198881398786,770.414907557212,"2018-10-03 10:07:00","2018-10-03 10:19:00","2018-10-03 10:13:00",21.52,860.96,8.35,-98.55,8.48,96.31,8.34,3.55,-1.02,"2018-10-03 10:13:00",4.32,11917.9753366175,11.9179753366175,"SSCN_04_04_S",3.42703799083333,0.0403845875,0.0342491584,0.2477816,0.248,0.1572228,0.116124768,0.0746337459,0.1733662541,-0.000218400000000007,7.14000000000001,1.38000000000002,NA,NA,NA,NA,NA,NA,NA,NA,NA,NA,NA,NA,NA,NA,NA,NA,NA,NA,NA,NA,NA,NA,6.30166666666667,1.71506802586175,10,10.9312638580931,-6.01,0.153,NA,NA,NA,NA,NA,NA,NA,0.00204457099882103,NA,NA,0.00198918400838415,NA
2018-10-03,"EC5",-0.019,0.16975,21.4333333333333,873,7.51666666666667,3.53333333333333,0.866666666666667,96.1666666666667,8.48333333333333,6.6,"SSCN_04_05","SSCN",4,5,940,958,31,25,40,45,0,0,0.7,8.52,866,868,4.36,435,436,NA,500,500,500,NA,NA,25,25,555.999067832322,555.999067832322,"2018-10-03 09:40:00","2018-10-03 09:58:00","2018-10-03 09:49:00",21.53,866.51,8.36,-99.41,8.53,96.97,9.67,3.82,-1.02,"2018-10-03 09:49:00",4.37,12314.975336618,12.314975336618,"SSCN_04_05_S",3.34219875566667,0.030897126,0.033431615,0.331130436,0.2597464,0.150945,0.116124768,0.064328741,0.195417659,0.071384036,4.78999999999999,1.12,5.513,0.0415262919727043,9.15866666666667,-3.79216666666667,-1.79116666666667,0.968666666666665,-97.293,23.661,21.026,72.1901666666666,1.42466666666667,-1.96963694524571,-72.4135183392728,15.6746490485476,0.915563638709519,-1.65293770002633,22.107722382713,-1.16801184775428,3.02357538123737,20.1386946467388,-10.0450194522036,-10.6068266287722,6.30166666666667,1.71506802586175,10,9.91407982261641,-6.01,0.153,0.556069133652397,5.51291377792302,0.64785495381974,6.42288572564637,-0.0917858201673432,-0.909971947723355,0.85832350339196,0.00204457099882103,0.00203961147405773,0.00201465834531374,0.00198918400838415,0.00216899038092644
2018-10-03,"EC6",-0.013,0.166,21.49,880,7.59,3.5,0.8,96.4,8.49,9.1,"SSCN_04_06","SSCN",4,6,1115,1129,35,29,39,38,30,0,0.7,9.63,871,876,4,444,445,NA,500,500,500,NA,NA,33.4863156129983,29,744.734410638639,644.958918685493,"2018-10-03 11:15:00","2018-10-03 11:29:00","2018-10-03 11:21:59",21.65,872.58,8.36,-99.225,8.54,97.2,8.625,3.43,-1.03,"2018-10-03 11:22:00",4.02,10547.2737541818,10.5472737541818,"SSCN_04_06_S",3.31206255458333,0.024009846,0.0309797696,0.4721116,0.2206891965,0.182334,0.116124768,0.0549896156,0.1656995809,0.2514224035,7.97,1.35999999999999,NA,NA,NA,NA,NA,NA,NA,NA,NA,NA,NA,NA,NA,NA,NA,NA,NA,NA,NA,NA,NA,NA,6.30166666666667,1.71506802586175,10,10.6984478935698,-6.01,0.153,NA,NA,NA,NA,NA,NA,NA,0.00204457099882103,NA,NA,0.00198918400838415,NA
2018-10-03,"EC7",-0.02025,0.1955,21.64,888,7.87,3.6,0.9,97.7,8.58,7.1,"SSCN_04_07","SSCN",4,7,1133,1145,34,28,41,42,0,10,0.9,7.89,877,881,4.17,446,447,NA,500,500,500,NA,NA,28,28.4319451328009,622.7189559722,632.32539961988,"2018-10-03 11:33:00","2018-10-03 11:45:00","2018-10-03 11:39:02",21.8,880.37,8.38,-100.59,8.64,98.67,8.2,3.33,-1.03,"2018-10-03 11:39:00",3.91,10085.2737541816,10.0852737541816,"SSCN_04_07_S",3.40527370466667,0.0284412028,0.0309797696,0.3375136,0.2174560165,0.1572228,0.1176730705,0.0594209724,0.1580350441,0.1200575835,7.50999999999999,1.44,NA,NA,NA,NA,NA,NA,NA,NA,NA,NA,NA,NA,NA,NA,NA,NA,NA,NA,NA,NA,NA,NA,6.30166666666667,1.71506802586175,10,10.4212860310421,-6.01,0.153,NA,NA,NA,NA,NA,NA,NA,0.00204457099882103,NA,NA,0.00198918400838415,NA
2018-10-03,"EC8",-0.02375,0.16375,21.8633333333333,895.333333333333,7.86,3.63333333333333,0.866666666666667,99.1,8.67,6.33333333333333,"SSCN_04_08","SSCN",4,8,1157,1212,33,27,31,32,0,30,1,5.35,874,894,3.8,448,449,NA,500,500,500,NA,NA,27,31.1769145362398,600.478993258907,693.373416801491,"2018-10-03 11:57:00","2018-10-03 12:12:00","2018-10-03 12:04:30",21.99,880.55,8.39,-101.14,8.67,99.45,7.26,3.25,-1.04,"2018-10-03 12:04:30",3.82,9804.77375418178,9.80477375418178,"SSCN_04_08_S",3.516316771,0.0292509675,0.0285291014,0.6829818,0.2045838165,0.213723,0.1145770945,0.0577800689,0.1468037476,0.4783979835,9.69,2.00999999999999,5.693,0.0396704452185763,11.2908333333333,-4.14616666666667,-2.02833333333334,1.15066666666667,-68.4841666666667,29.1685,13.4256666666667,81.5135,1.24133333333333,-2.13158396092261,-56.4903393456066,8.97209173848034,0.795115561790575,-2.00769786977084,21.7445189209285,-1.33008894042785,-3.59549599525011,20.4844004605889,-10.1641485555716,-10.7101407664229,6.30166666666667,1.71506802586175,10,10.6014412416851,-5.95,0.153,0.540210151192485,5.72700617602896,0.560489645967977,5.94199804830239,-0.0202794947754915,-0.214991872273433,0.963818252627186,0.00204457099882103,0.00203888818501992,0.00201394390517912,0.0019893038422004,0.00267031194069897
2018-10-03,"NL70",-0.01825,0.13075,21.21,804,7.07,2.8,0.7,94.5,8.37,10.7,"SSCN_04_01","SSCN",4,1,905,930,30,24,41,41,0,0,0.7,11.6,791,799,4.56,434,NA,NA,500,500,500,NA,NA,24,24,533.759105119029,533.759105119029,"2018-10-03 09:05:00","2018-10-03 09:30:00","2018-10-03 09:17:40",21.29,793.9,8.27,-94.31,8.27,93.53,9.67,3.11,-1.04,"2018-10-03 09:17:40",4.52,14850.665185449,14.850665185449,"SSCN_04_01_S",3.27830002233333,0.0317587875,0.0383388374,0.2791878,0.248415576,0.1697784,0.1145770945,0.0700976249,0.1783179511,0.0307722240000001,9.85555555555556,1.53333333333333,6.202,0.0470338381344177,6.69816666666667,-3.40466666666666,-1.16133333333333,0.758,-153.182333333334,16.1433333333334,25.7526666666666,68.0293333333333,1.15133333333333,-1.42660637182499,-110.936175310055,19.1758629899775,0.614165764325324,-1.26460559331437,22.5052967935646,-0.624545108308449,6.48117878701071,19.3023348667572,-10.3431168519368,-10.8439234854464,6.30166666666667,1.71506802586175,10,10.2272727272727,-6.73,0.153,0.462706741594635,4.73222803903603,0.589908236917654,6.03315242302144,-0.127201495323019,-1.30092438398541,0.784370708251744,0.00204457099882103,0.00204040320873418,0.00201544039370554,0.00198774600034443,0.00211618121031322
2018-10-03,"NL76",-0.022,0.2495,21.86,945,7.97,4.4,1.1,99.8,8.72,4,"SSCN_04_09","SSCN",4,9,1220,1235,39,33,43,48,0,0,1.3,5.1,940,940,3.1,450,451,NA,500,500,500,NA,NA,33,33,733.918769538664,733.918769538664,"2018-10-03 12:20:00","2018-10-03 12:35:00","2018-10-03 12:27:32",22.15,940.025,8.44,-103.88,8.74,100.68,5.3,3.67,-1.03,"2018-10-03 12:27:32",3.19,7327.54958283645,7.32754958283645,"SSCN_04_09_S",3.49994975133333,0.0471043987,0.0154787526,0.4182724,0.2077927885,0.182334,0.119222002,0.0625831513,0.1452096372,0.2104796115,4.31111111111111,1.24444444444445,5.8365,0.0474915827605769,7.096,-5.155,-2.38466666666667,0.756166666666666,-101.490166666667,15.9303333333334,26.9863333333333,71.5933333333333,1.505,-2.63590474018431,-62.1298934793953,20.3748085866568,0.991871371341744,-3.01869754371803,20.7094574547414,-1.83481479373221,7.66519051773107,20.3619609243412,-9.9695473317593,-10.5025367920189,6.30166666666667,1.71506802586175,10,10.9368070953437,-5.83,0.153,0.764048095700195,8.35624663423774,0.768432926060541,8.40420267803464,-0.00438483036034565,-0.0479560437969067,0.994293802085206,0.00204457099882103,0.00203682694170728,0.00201190787964468,0.00198954350974658,0.00590885549857844
2018-10-05,"EC2",-0.02125,0.097,21.32,849,8.21,3,0.7,93.6,8.27,8.1,"SSCN_05_02","SSCN",5,2,1040,1055,32,26,40,40,0,0,0.9,8.6,845,847,4.1,457,458,NA,500,500,500,NA,NA,26,26,578.239030545614,578.239030545614,"2018-10-05 10:40:00","2018-10-05 10:55:00","2018-10-05 10:47:43",21.5,845.69,8.32,-97.3,8.09,91.85,8.09,2.18,-1.06,"2018-10-05 10:47:45",4.14,12868.9753366176,12.8689753366176,"SSCN_05_02_S",3.31064503333333,0.02520367,0.0367025734,0.3464868,0.1293840885,0.182334,0.122321752,0.0619062434,0.0674778451,0.2171027115,9.17,1.58000000000001,NA,NA,NA,NA,NA,NA,NA,NA,NA,NA,NA,NA,NA,NA,NA,NA,NA,NA,NA,NA,NA,NA,6.56166666666667,2.8136379179513,10,10.5044345898004,-6.1,0.153,NA,NA,NA,NA,NA,NA,NA,0.00204457099882103,NA,NA,0.00198900425760581,NA
2018-10-05,"EC3",-0.022,0.07625,21.15,859.5,8.19,2.5,0.6,93.1,8.255,7.6,"SSCN_05_03","SSCN",5,3,1020,1033,27,21,34,33,0,0,0.9,8.9,853,856,4.2,455,456,NA,500,500,500,NA,NA,21,21,467.03921697915,467.03921697915,"2018-10-05 10:20:00","2018-10-05 10:33:00","2018-10-05 10:26:30",21.36,855.43,8.34,-98.23,8.08,91.44,7.75,1.96,-1.07,"2018-10-05 10:26:30",4.15,12488.4753366182,12.4884753366182,"SSCN_05_03_S",3.30769223816667,0.0260128243,0.0358846376,0.5438972,0.164982304,0.2074452,0.119222002,0.0618974619,0.1030848421,0.378914896,9.76000000000001,1.40000000000001,NA,NA,NA,NA,NA,NA,NA,NA,NA,NA,NA,NA,NA,NA,NA,NA,NA,NA,NA,NA,NA,NA,6.56166666666667,2.8136379179513,10,10.4462305986696,-6.01,0.153,NA,NA,NA,NA,NA,NA,NA,0.00204457099882103,NA,NA,0.00198918400838415,NA
2018-10-05,"EC4",-0.0195,0.08275,21.1,868,8.19,2.5,0.6,92.4,8.2,8.9,"SSCN_05_04","SSCN",5,4,955,1010,32,26,32,39,0,0,0.8,8.7,863,865,4.1,453,454,NA,500,500,500,NA,NA,26,26,578.239030545614,578.239030545614,"2018-10-05 09:55:00","2018-10-05 10:10:00","2018-10-05 10:02:18",21.22,864.67,8.33,-97.74,8.02,90.53,8.2,1.82,-1.07,"2018-10-05 10:02:20",4.15,12098.9753366176,12.0989753366176,"SSCN_05_04_S",3.425935117,0.0227771227,0.0358846376,0.4272456,0.1602936685,0.2074452,0.1176730705,0.0586617603,0.1016319082,0.2669519315,9.06,1.45999999999998,NA,NA,NA,NA,NA,NA,NA,NA,NA,NA,NA,NA,NA,NA,NA,NA,NA,NA,NA,NA,NA,NA,6.56166666666667,2.8136379179513,10,10.9312638580931,-6.01,0.153,NA,NA,NA,NA,NA,NA,NA,0.00204457099882103,NA,NA,0.00198918400838415,NA
2018-10-05,"EC5",-0.0165,0.066,21.05,872,8.19,2,0.5,91.7,8.15,8.5,"SSCN_05_05","SSCN",5,5,930,950,33,27,31,40,30,0,0.9,9.7,868,870,4.2,452,NA,NA,500,500,500,NA,NA,31.1769145362398,27,693.373416801491,600.478993258907,"2018-10-05 09:30:00","2018-10-05 09:50:00","2018-10-05 09:39:56",21.13,869.59,8.33,-97.58,7.96,89.71,8.04,1.79,-1.07,"2018-10-05 09:39:55",4.18,11808.9753366178,11.8089753366178,"SSCN_05_05_S",3.30988193258333,0.02520367,0.0358846376,0.6291426,0.143218506,0.2388342,0.119222002,0.0610883076,0.0821301984,0.485924094,9.12631578947369,1.56842105263159,5.7605,0.0444833220715271,7.72616666666666,-2.67316666666667,-0.565333333333333,0.872333333333333,-154.6525,20.0131666666667,27.8723333333333,70.6983333333334,1.35983333333333,-0.794340069370143,-119.74001315129,21.9263500979884,0.84066798985661,-0.531534790579547,23.2558146814047,0.00822903494468449,9.19740628732424,19.1111960290215,-10.1190949519727,-10.6588073384728,6.56166666666667,2.8136379179513,10,9.91407982261641,-6.01,0.153,0.420197485097366,4.16587140851796,0.623966311934641,6.1860518231436,-0.203768826837275,-2.02018041462564,0.673429762248739,0.00204457099882103,0.00204189779605096,0.0020169166958586,0.00198918400838415,0.00207410505834088
2018-10-05,"EC6",-0.02225,0.1185,21.31,877,8.24,2.6,0.6,95,8.4,7.9,"SSCN_05_06","SSCN",5,6,1111,1126,33,27,41,42,0,0,0.9,7.9,871,874,4,459,460,NA,500,500,500,NA,NA,27,27,600.478993258907,600.478993258907,"2018-10-05 11:11:00","2018-10-05 11:26:00","2018-10-05 11:18:28",21.58,873.06,8.34,-98.18,8.16,92.84,7.5,2.18,-1.06,"2018-10-05 11:18:30",4.02,11627.3158493554,11.6273158493554,"SSCN_05_06_S",3.36395239066667,0.0268221312,0.0350668326,0.3016208,0.15561865,0.2011674,0.1207715625,0.0618889638,0.0937296862,0.14600215,7.71578947368421,1.46315789473683,NA,NA,NA,NA,NA,NA,NA,NA,NA,NA,NA,NA,NA,NA,NA,NA,NA,NA,NA,NA,NA,NA,6.56166666666667,2.8136379179513,10,10.6984478935698,-6.01,0.153,NA,NA,NA,NA,NA,NA,NA,0.00204457099882103,NA,NA,0.00198918400838415,NA
2018-10-05,"EC7",-0.0195,0.1165,21.49,881,8.28,2.5,0.6,95.9,8.44,7.6,"SSCN_05_07","SSCN",5,7,1130,1146,35,29,40,46,10,10,0.95,9.9,878,880,4,461,462,NA,500,500,500,NA,NA,29.4473717446866,29.4473717446866,654.908449606304,654.908449606304,"2018-10-05 11:30:00","2018-10-05 11:46:00","2018-10-05 11:38:03",21.79,878.67,8.36,-99.26,8.28,94.52,7.5,2.24,-1.06,"2018-10-05 11:38:05",3.96,11047.7737541822,11.0477737541822,"SSCN_05_07_S",3.30236099583333,0.0219685788,0.0342491584,0.2791878,0.1385934165,0.2011674,0.1207715625,0.0562177372,0.0823756793,0.1405943835,8.15135135135134,1.58918918918919,NA,NA,NA,NA,NA,NA,NA,NA,NA,NA,NA,NA,NA,NA,NA,NA,NA,NA,NA,NA,NA,NA,6.56166666666667,2.8136379179513,10,10.4212860310421,-6.01,0.153,NA,NA,NA,NA,NA,NA,NA,0.00204457099882103,NA,NA,0.00198918400838415,NA
2018-10-05,"EC8",-0.02225,0.11275,21.66,894,8.28,3.2,0.8,98.6,8.66,6.9,"SSCN_05_08","SSCN",5,8,1154,1208,36,30,44,38,10,0,1,8,887,889,3.8,463,464,NA,500,500,500,NA,NA,30.4627983565723,30,677.491499592728,667.198881398786,"2018-10-05 11:54:00","2018-10-05 12:08:00","2018-10-05 12:00:56",21.8,888.97,8.38,-100.35,8.41,96.01,6.86,2.6,-1.05,"2018-10-05 12:00:55",3.86,10390.7737541821,10.3907737541821,"SSCN_05_08_S",3.55341859316667,0.0203519488,0.0309797696,0.3150806,0.1355175885,0.182334,0.1207715625,0.0513317184,0.0841858701,0.1795630115,6.68888888888887,1.46666666666666,NA,NA,NA,NA,NA,NA,NA,NA,NA,NA,NA,NA,NA,NA,NA,NA,NA,NA,NA,NA,NA,NA,6.56166666666667,2.8136379179513,10,10.6014412416851,-5.95,0.153,NA,NA,NA,NA,NA,NA,NA,0.00204457099882103,NA,NA,0.0019893038422004,NA
2018-10-05,"NL70",-0.02075,0.05725,20.85,782,8.22,2.3,0.6,92.5,8.25,13.4,"SSCN_05_01","SSCN",5,1,855,918,33,27,32,40,0,0,0.6,13.7,778,780,4.4,NA,NA,NA,500,500,500,NA,NA,27,27,600.478993258907,600.478993258907,"2018-10-05 08:55:00","2018-10-05 09:18:00","2018-10-05 09:06:43",20.91,779.62,8.24,-92.68,8.12,91.12,11.07,1.93,-1.07,"2018-10-05 09:06:45",4.43,14918.1651854489,14.9181651854489,"SSCN_05_01_S",3.1831217985,0.0235858192,0.0407942144,0.3464868,0.146309464,0.1886118,0.119222002,0.0643800336,0.0819294304,0.200177336,12.9684210526316,1.70526315789474,NA,NA,NA,NA,NA,NA,NA,NA,NA,NA,NA,NA,NA,NA,NA,NA,NA,NA,NA,NA,NA,NA,6.56166666666667,2.8136379179513,10,10.2272727272727,-6.73,0.153,NA,NA,NA,NA,NA,NA,NA,0.00204457099882103,NA,NA,0.00198774600034443,NA
2018-10-05,"NL76",-0.025,0.098,21.98,968,8.37,3,0.7,97.2,8.48,4.4,"SSCN_05_09","SSCN",5,9,1217,1235,36,30,40,39,10,30,1.2,5.7,956,964,2.9,NA,NA,NA,500,500,500,NA,NA,30.4627983565723,34.6410161513775,677.491499592728,770.414907557212,"2018-10-05 12:17:00","2018-10-05 12:35:00","2018-10-05 12:26:00",22.08,960.51,8.44,-103.79,8.33,95.73,5.27,2.1,-1.06,"2018-10-05 12:26:00",2.87,7345.54958283588,7.34554958283588,"SSCN_05_09_S",3.797333404,0.0227771227,0.017108215,0.2074022,0.1171897125,0.1697784,0.1238725705,0.0398853377,0.0773043748,0.0902124875,5.96923076923076,1.26153846153845,NA,NA,NA,NA,NA,NA,NA,NA,NA,NA,NA,NA,NA,NA,NA,NA,NA,NA,NA,NA,NA,NA,6.56166666666667,2.8136379179513,10,10.9368070953437,-5.83,0.153,NA,NA,NA,NA,NA,NA,NA,0.00204457099882103,NA,NA,0.00198954350974658,NA
2018-10-09,"EC2",-0.0265,0.171,20.31,850,8.3,2.8,0.7,93.3,8.41,20.6,"SSCN_06_02","SSCN",6,2,1217,1235,31,25,37,41,0,0,0.4,15.3,840,849,3.8,477,479,NA,500,500,500,NA,NA,25,25,555.999067832322,555.999067832322,"2018-10-09 12:17:00","2018-10-09 12:35:00","2018-10-09 12:26:04",21.145,845.96,8.24,-92.92,8.72,98.36,18.315,2.87,-1.03,"2018-10-09 12:26:05",NA,12717.4753366177,12.7174753366177,"SSCN_06_02_S",3.13495549214462,0.062703262,0.0380335632,0.2522997116,0.2189457262,0.1629149056,0.1310661388,0.1007368252,0.118208901,0.0333539854000001,18.7974683544304,2.41772151898734,NA,NA,NA,NA,NA,NA,NA,NA,NA,NA,NA,NA,NA,NA,NA,NA,NA,NA,NA,NA,NA,NA,9.655,5.1058495865037,10,10.5044345898004,-6.1,0.153,NA,NA,NA,NA,NA,NA,NA,0.00204457099882103,NA,NA,0.00198900425760581,NA
2018-10-09,"EC3",-0.02375,0.098,20.24,858,8.29,3.1,0.7,92.2,8.32,19.9,"SSCN_06_03","SSCN",6,3,1147,1205,28,16,37,34,0,0,0.4,15.3,850,855,3.7,475,476,NA,500,500,500,NA,NA,22,22,489.279179692443,489.279179692443,"2018-10-09 11:47:00","2018-10-09 12:05:00","2018-10-09 11:56:00",20.84,853.16,8.23,-92.21,8.6,96.43,17.99,2.29,-1.04,"2018-10-09 11:56:00",NA,12293.9753366173,12.2939753366173,"SSCN_06_03_S",3.23492053017218,0.066958272,0.0371646352,0.2645629775,0.202649875,0.169575375,0.13458048,0.1041229072,0.0985269678,0.0619131025,18.7204968944099,2.3478260869565,NA,NA,NA,NA,NA,NA,NA,NA,NA,NA,NA,NA,NA,NA,NA,NA,NA,NA,NA,NA,NA,NA,9.655,5.1058495865037,10,10.4462305986696,-6.01,0.153,NA,NA,NA,NA,NA,NA,NA,0.00204457099882103,NA,NA,0.00198918400838415,NA
2018-10-09,"EC4",-0.0215,0.1115,20.44,868,8.29,3.5,0.8,92.4,8.31,18.5,"SSCN_06_04","SSCN",6,4,1123,1139,37,31,39,39,10,10,0.4,17,860,865,3.8,473,474,NA,500,500,500,NA,NA,31.4782249684581,31.4782249684581,700.074549579153,700.074549579153,"2018-10-09 11:23:00","2018-10-09 11:39:00","2018-10-09 11:30:56",20.99,862.98,8.24,-92.84,8.6,96.8,16.77,2.09,-1.06,"2018-10-09 11:30:55",NA,11885.4753366179,11.8854753366179,"SSCN_06_04_S",3.24248806028942,0.063553552,0.0362957408,0.2686514684,0.2270947552,0.1629149056,0.13458048,0.0998492928,0.1272454624,0.0415567132,17.9390862944162,2.08121827411166,NA,NA,NA,NA,NA,NA,NA,NA,NA,NA,NA,NA,NA,NA,NA,NA,NA,NA,NA,NA,NA,NA,9.655,5.1058495865037,10,10.9312638580931,-6.01,0.153,NA,NA,NA,NA,NA,NA,NA,0.00204457099882103,NA,NA,0.00198918400838415,NA
2018-10-09,"EC5",-0.025,0.054,20.08,877,8.21,2.9,0.7,89.7,8.12,20.8,"SSCN_06_05","SSCN",6,5,924,942,24,18,32,23,0,10,0.4,19.8,869,871,3.8,465,466,NA,500,500,500,NA,NA,18,18.2776790139434,400.319328839272,406.494899755637,"2018-10-09 09:24:00","2018-10-09 09:42:00","2018-10-09 09:32:59",20.21,870.105,8.23,-92.4,8.36,92.535,16.99,1.95,-1.05,"2018-10-09 09:33:00",NA,10857.7737541823,10.8577737541823,"SSCN_06_05_S",3.22307467384317,0.050836582,0.0345580528,0.2277831104,0.202649875,0.169575375,0.13458048,0.0853946348,0.1172552402,0.0251332354,17.67,2.26999999999998,6.0245,0.0448158110231635,5.5825,-1.35833333333333,0.467166666666665,0.646,-186.678333333334,14.696,34.6601666666666,53.8751666666667,1.39383333333334,0.162534576840243,-136.060315690988,27.8474335910959,0.761196861912167,0.786121979248544,24.6048316823547,0.965872249687695,15.0447377540995,18.756868323856,-10.1976958267882,-10.714055052885,9.655,5.1058495865037,10,9.91407982261641,-6.01,0.153,0.277406817816702,2.75023333517279,0.616131947324277,6.10838130703697,-0.338725129507575,-3.35814797186418,0.450239301859638,0.00204457099882103,0.00204458422799555,0.00201957026130727,0.00198918400838415,0.00204445578940798
2018-10-09,"EC6",-0.02325,0.057,20.09,880,8.23,2.8,0.7,89.7,8.13,20.8,"SSCN_06_06","SSCN",6,6,950,1009,35,29,45,42,30,10,0.45,20.6,873,876,3.7,467,468,NA,500,500,500,NA,NA,33.4863156129983,29.4473717446866,744.734410638639,654.908449606304,"2018-10-09 09:50:00","2018-10-09 10:09:00","2018-10-09 09:59:24",20.27,875.05,8.23,-92.37,8.36,92.67,17.36,1.74,-1.06,"2018-10-09 09:59:25",NA,10724.7737541819,10.7247737541819,"SSCN_06_06_S",3.14465119423754,0.049991632,0.0328204992,0.2482126919,0.2270947552,0.1562415574,0.1328221887,0.0828121312,0.144282624,0.0211179367,21.7841726618705,2.61870503597121,NA,NA,NA,NA,NA,NA,NA,NA,NA,NA,NA,NA,NA,NA,NA,NA,NA,NA,NA,NA,NA,NA,9.655,5.1058495865037,10,10.6984478935698,-6.01,0.153,NA,NA,NA,NA,NA,NA,NA,0.00204457099882103,NA,NA,0.00198918400838415,NA
2018-10-09,"EC7",-0.02375,0.053,20.24,886,8.25,2.9,0.7,90.3,8.15,18.6,"SSCN_06_07","SSCN",6,7,1016,1035,32,26,50,47,30,0,0.45,19,878,881,3.8,469,470,NA,500,500,500,NA,NA,30.0222139978605,26,667.692919882917,578.239030545614,"2018-10-09 10:16:00","2018-10-09 10:35:00","2018-10-09 10:25:19",20.44,880.29,8.25,-93.24,8.46,94.12,16.87,1.83,-1.05,"2018-10-09 10:25:20",NA,10733.7737541822,10.7337737541822,"SSCN_06_07_S",3.32859927964778,0.051681888,0.0328204992,0.2359538396,0.2189457262,0.169575375,0.1293123303,0.0845023872,0.134443339,0.0170081134,17.5072463768116,2.15942028985509,NA,NA,NA,NA,NA,NA,NA,NA,NA,NA,NA,NA,NA,NA,NA,NA,NA,NA,NA,NA,NA,NA,9.655,5.1058495865037,10,10.4212860310421,-6.01,0.153,NA,NA,NA,NA,NA,NA,NA,0.00204457099882103,NA,NA,0.00198918400838415,NA
2018-10-09,"EC8",-0.02625,0.07825,20.51,898,8.23,2.2,0.5,92.3,8.29,16.8,"SSCN_06_08","SSCN",6,8,1047,1110,32,26,32,48,0,40,0.5,16.4,886,895,3.7,471,472,NA,500,500,500,NA,NA,26,33.9405895226392,578.239030545614,754.837445450675,"2018-10-09 10:47:00","2018-10-09 11:10:00","2018-10-09 10:58:30",20.87,891.01,8.27,-94.28,8.57,96.14,16.25,1.8,-1.06,"2018-10-09 10:58:30",NA,10890.2737541819,10.8902737541819,"SSCN_06_08_S",3.2593245384567,0.0567612,0.0328204992,0.3767774,0.346567,0.1495553304,0.1310661388,0.0895816992,0.2569853008,0.0302104,12.6105263157895,1.6421052631579,NA,NA,NA,NA,NA,NA,NA,NA,NA,NA,NA,NA,NA,NA,NA,NA,NA,NA,NA,NA,NA,NA,9.655,5.1058495865037,10,10.6014412416851,-5.95,0.153,NA,NA,NA,NA,NA,NA,NA,0.00204457099882103,NA,NA,0.0019893038422004,NA
2018-10-09,"NL70",-0.024,0.064,19.8,720,8.22,3.7,0.9,93.4,8.51,36.7,"SSCN_06_01","SSCN",6,1,840,905,35,29,38,40,0,10,0.3,40,712,718,5,NA,NA,NA,500,500,500,NA,NA,29,29.4473717446866,644.958918685493,654.908449606304,"2018-10-09 08:40:00","2018-10-09 09:05:00","2018-10-09 08:52:31",19.89,715.62,8.12,-86.63,8.52,93.69,31.37,2.36,-1.04,"2018-10-09 08:52:30",NA,15063.6890778884,15.0636890778884,"SSCN_06_01_S",2.96102507300785,0.045772222,0.0527752,0.284158555,0.2563870991,0.1960884646,0.1258114375,0.098547422,0.1578396771,0.0277714559000001,34.5666666666667,4.01666666666671,NA,NA,NA,NA,NA,NA,NA,NA,NA,NA,NA,NA,NA,NA,NA,NA,NA,NA,NA,NA,NA,NA,9.655,5.1058495865037,10,10.2272727272727,-6.73,0.153,NA,NA,NA,NA,NA,NA,NA,0.00204457099882103,NA,NA,0.00198774600034443,NA
2018-10-09,"NL76",-0.02875,0.12225,21.75,990,8.38,2.8,0.7,94.5,8.28,8.1,"SSCN_06_09","SSCN",6,9,1248,1305,30,24,38,40,0,30,0.7,8.6,NA,NA,2.9,NA,NA,NA,500,500,500,NA,NA,24,27.712812921102,533.759105119029,616.33192604577,"2018-10-09 12:48:00","2018-10-09 13:05:00","2018-10-09 12:55:46",21.83,985.54,8.38,-100.48,8.35,95.5,7.04,2.37,-1.06,"2018-10-09 12:55:45",NA,7329.54958283576,7.32954958283576,"SSCN_06_09_S",3.41156511612025,0.046615392,0.0154523552,0.3314618,0.3201329,0.13614424,0.12363410127,0.0620677472,0.2580651528,0.0113289,11.5857142857143,1.94285714285712,NA,NA,NA,NA,NA,NA,NA,NA,NA,NA,NA,NA,NA,NA,NA,NA,NA,NA,NA,NA,NA,NA,9.655,5.1058495865037,10,10.9368070953437,-5.83,0.153,NA,NA,NA,NA,NA,NA,NA,0.00204457099882103,NA,NA,0.00198954350974658,NA
2018-10-12,"EC2",-0.03775,0.078,19.72,853,8.02,3,0.7,90.2,8.23,28.3,"SSCN_07_02","SSCN",7,2,1007,1023,33,27,38,37,30,0,0.3,28.6,845,849,4,487,488,NA,400,400,500,NA,NA,31.1769145362398,27,693.373416801491,600.478993258907,"2018-10-12 10:07:00","2018-10-12 10:23:00","2018-10-12 10:14:58",19.82,847.66,8.21,-90.82,8.01,88.01,22.38,2.05,-1.04,"2018-10-12 10:15:00",4.07,10738.2737541823,10.7382737541823,"SSCN_07_02_S",3.23227682804,0.045772222,0.044117,0.3163566,0.308804,0.1762229656,0.1293123303,0.089889222,0.218914778,0.00755260000000002,25.4782608695652,3.13043478260872,6.3805,0.0472105910689705,6.44433333333333,-1.52216666666667,-0.0871666666666667,0.759166666666667,-188.303666666667,16.1413333333333,24.3066666666667,74.7686666666666,1.0625,-0.361394565508322,-144.203313926059,17.7295369705411,0.570788781159531,0.621936834776404,24.436738931444,0.441522283719631,5.05286796273143,18.5800768783064,-10.3860188329691,-10.8709852692963,5.63,1.80916417165497,10,10.5044345898004,-6.1,0.153,0.186746566246102,1.961667090002,0.386330624475198,4.05818477483646,-0.199584058229096,-2.09651768483446,0.483385355483496,0.00204457099882103,0.0020442494889461,0.00201923961754103,0.00198900425760581,0.00204753020195552
2018-10-12,"EC3",-0.038,0.08175,19.72,861,7.95,3.1,0.7,91.4,8.34,28,"SSCN_07_03","SSCN",7,3,947,1003,38,32,32,33,0,0,0.3,29.3,848,853,4,485,486,NA,400,400,500,NA,NA,32,32,711.678806825372,711.678806825372,"2018-10-12 09:47:00","2018-10-12 10:03:00","2018-10-12 09:54:53",19.81,849.98,8.2,-90.37,7.99,87.79,22.6,2.11,-1.04,"2018-10-12 09:54:55",4.1,10401.7737541816,10.4017737541816,"SSCN_07_03_S",3.16645585066007,0.04408695,0.0432478368,0.346567,0.3163566,0.1894795104,0.1275607632,0.0873347868,0.2290218132,0.0302104,28.3333333333333,3.35000000000003,NA,NA,NA,NA,NA,NA,NA,NA,NA,NA,NA,NA,NA,NA,NA,NA,NA,NA,NA,NA,NA,NA,5.63,1.80916417165497,10,10.4462305986696,-6.01,0.153,NA,NA,NA,NA,NA,NA,NA,0.00204457099882103,NA,NA,0.00198918400838415,NA
2018-10-12,"EC4",-0.0455,0.0665,19.75,868.5,8.075,3.15,0.75,90.05,8.205,26.7,"SSCN_07_04","SSCN",7,4,924,942,34,28,52,37,30,0,0.3,27.7,861,866,4,483,484,NA,400,400,500,NA,NA,32.331615074619,28,719.053913720065,622.7189559722,"2018-10-12 09:24:00","2018-10-12 09:42:00","2018-10-12 09:32:59",19.82,863.72,8.2,-90.43,7.99,87.75,22.41,2.13,-1.04,"2018-10-12 09:33:00",4.07,10038.7737541817,10.0387737541817,"SSCN_07_04_S",3.28110885648351,0.0483028,0.0475939888,0.3239092,0.3012514,0.1762229656,0.1310661388,0.0958967888,0.2053546112,0.0226578,27.52,3.296,NA,NA,NA,NA,NA,NA,NA,NA,NA,NA,NA,NA,NA,NA,NA,NA,NA,NA,NA,NA,NA,NA,5.63,1.80916417165497,10,10.9312638580931,-6.01,0.153,NA,NA,NA,NA,NA,NA,NA,0.00204457099882103,NA,NA,0.00198918400838415,NA
2018-10-12,"EC5",-0.04075,0.07125,19.7766666666667,872,8.14333333333333,2.7,0.633333333333333,90.2333333333333,8.22,27.4333333333333,"SSCN_07_05","SSCN",7,5,859,921,36,30,38,31,10,10,0.3,29.6,860,870,4.1,481,482,"Hard to stay on station. Wind and current were strong",400,400,500,NA,NA,30.4627983565723,30.4627983565723,677.491499592728,677.491499592728,"2018-10-12 08:59:00","2018-10-12 09:21:00","2018-10-12 09:10:00",19.81,866.1,8.2,-90.38,7.98,87.65,22.58,2.17,-1.05,"2018-10-12 09:10:00",4.08,9847.77375418209,9.84777375418209,"SSCN_07_05_S",3.71160213548113,0.068662768,0.0458554272,0.4636323,0.3125803,0.1828576774,0.1205769088,0.1145181952,0.1980621048,0.151052,26.3692307692308,3.18461538461542,6.8795,0.0441772219339223,6.05166666666666,-1.4925,0.141666666666667,0.710833333333333,-182.213666666667,16.105,33.3988333333334,64.2253333333334,1.16183333333333,-0.146413924876616,-135.22082023084,26.815780950778,0.599008040113633,0.651667206817086,24.4671768863393,0.656675598333267,14.0259352066376,18.7750944871987,-10.3581085906231,-10.7993376622942,5.63,1.80916417165497,10,9.91407982261641,-6.01,0.153,0.193348923805884,1.91687666422852,0.403695597636898,4.00227037901104,-0.210346673831014,-2.08539371478253,0.478947318072555,0.00204457099882103,0.00204431010295141,0.00201929948997908,0.00198918400838415,0.00204698139171884
2018-10-12,"EC6",-0.04,0.0805,19.81,880,7.95,2.7,0.7,90.5,8.24,25.1,"SSCN_07_06","SSCN",7,6,1033,1050,37,31,44,46,10,10,0.3,26.3,869,874,3.9,489,490,NA,400,400,500,NA,NA,31.4782249684581,31.4782249684581,700.074549579153,700.074549579153,"2018-10-12 10:33:00","2018-10-12 10:50:00","2018-10-12 10:41:28",19.92,871.74,8.23,-91.88,8,88.06,21.16,2.07,-1.05,"2018-10-12 10:41:30",3.88,10106.7737541817,10.1067737541817,"SSCN_07_06_S",3.24672916829062,0.0483028,0.0415096112,0.3314618,0.3276855,0.1629149056,0.1293123303,0.0898124112,0.2378730888,0.00377629999999995,25.48,2.80000000000003,NA,NA,NA,NA,NA,NA,NA,NA,NA,NA,NA,NA,NA,NA,NA,NA,NA,NA,NA,NA,NA,NA,5.63,1.80916417165497,10,10.6984478935698,-6.01,0.153,NA,NA,NA,NA,NA,NA,NA,0.00204457099882103,NA,NA,0.00198918400838415,NA
2018-10-12,"EC7",-0.042,0.06225,19.82,883,8.05,2.8,0.7,90.8,8.26,24.5,"SSCN_07_07","SSCN",7,7,1054,1111,39,33,40,40,0,10,0.3,24.3,875,879,3.9,491,492,NA,400,400,500,NA,NA,33,33.5090781922296,733.918769538664,745.240649552001,"2018-10-12 10:54:00","2018-10-12 11:11:00","2018-10-12 11:02:25",19.94,878.74,8.22,-91.64,8.02,88.3,20.26,2.08,-1.05,"2018-10-12 11:02:25",3.83,10172.2737541818,10.1722737541818,"SSCN_07_07_S",3.29263255963363,0.054219942,0.0406405488,0.3239092,0.3163566,0.1762229656,0.1293123303,0.0948604908,0.2214961092,0.00755260000000002,24.52,2.96,NA,NA,NA,NA,NA,NA,NA,NA,NA,NA,NA,NA,NA,NA,NA,NA,NA,NA,NA,NA,NA,NA,5.63,1.80916417165497,10,10.4212860310421,-6.01,0.153,NA,NA,NA,NA,NA,NA,NA,0.00204457099882103,NA,NA,0.00198918400838415,NA
2018-10-12,"EC8",-0.037,0.06675,19.85,892,7.98,2.3,0.6,91.3,8.31,21.8,"SSCN_07_08","SSCN",7,8,1120,1138,34,28,41,46,20,30,0.3,23.9,886,888,3.7,493,494,NA,400,400,500,NA,NA,29.7969776293255,32.331615074619,662.683671445022,719.053913720065,"2018-10-12 11:20:00","2018-10-12 11:38:00","2018-10-12 11:29:00",19.99,887.52,8.24,-92.5,8.03,88.47,18.92,2.02,-1.05,"2018-10-12 11:29:00",3.69,10168.7737541822,10.1687737541822,"SSCN_07_08_S",3.39353322537865,0.059305662,0.0406405488,0.3390144,0.3390144,0.169575375,0.1258114375,0.0999462108,0.2390681892,0,23.1066666666666,2.77333333333331,5.326,0.0453176039677395,7.21816666666667,-1.89916666666667,-0.717833333333331,0.8505,-184.792333333333,18.7915,13.1518333333333,76.1476666666667,1.19483333333333,-0.964761549571573,-146.345996625885,7.00670655885869,0.712423376766241,0.244127275472183,24.0499375046283,-0.162329329003619,-5.53640066557154,18.5335574071091,-10.2459352150972,-10.8242765461239,5.63,1.80916417165497,10,10.6014412416851,-5.95,0.153,0.226659671693171,2.40291919131479,0.402767025721354,4.26991095727321,-0.176107354028182,-1.86699176595841,0.562756276503075,0.00204457099882103,0.00204347921369625,0.00201847876603571,0.0019893038422004,0.002056028468004
2018-10-12,"NL70",-0.04025,0.07575,19.28,654,8.22,3.7,0.9,91.3,8.41,64.3,"SSCN_07_01","SSCN",7,1,817,841,34,28,37,40,0,0,0.2,68.1,650,NA,6.5,NA,NA,NA,400,400,500,NA,NA,28,28,622.7189559722,622.7189559722,"2018-10-12 08:17:00","2018-10-12 08:41:00","2018-10-12 08:29:00",19.34,654.05,8.03,-81.74,8.21,89.23,48.14,2.75,-1.01,"2018-10-12 08:29:00",6.63,14909.6651854491,14.9096651854491,"SSCN_07_01_S",2.92342551950769,0.041561712,0.0811862976,0.3654485,0.3541196,0.2484964614,0.1223195103,0.1227480096,0.2313715904,0.0113289,61,6.81999999999999,5.5045,0.0442404838613013,8.99933333333333,-0.984333333333332,0.0756666666666669,1.00933333333333,-147.405,22.8128333333333,27.747,66.6126666666667,1.30416666666666,-0.108424653602858,-121.570292517553,22.2573896391845,0.757443776251393,1.16092509643628,24.9885551137314,0.694695382860377,9.52432245532564,19.0714591009785,-10.2014078140699,-10.7638604530341,5.63,1.80916417165497,10,10.2272727272727,-6.73,0.153,0.0893015984568204,0.913311802399297,0.270142189022515,2.76281784227571,-0.180840590565694,-1.84950603987641,0.330572572836386,0.00204457099882103,0.00204534837204183,0.00202032505661974,0.00198774600034443,0.00203641304766477
2018-10-12,"NL76",-0.037,0.079,20.13,966,8.1,1.8,0.4,90,8.14,12.1,"SSCN_07_09","SSCN",7,9,1148,1204,37,31,37,31,20,30,0.6,11.9,966,NA,2.9,NA,NA,NA,400,400,500,NA,NA,32.9895109467533,35.7957166897568,733.68549338556,796.095404475786,"2018-10-12 11:48:00","2018-10-12 12:04:00","2018-10-12 11:55:55",20.27,963.225,8.31,-96.65,7.89,87.52,10.14,1.95,-1.06,"2018-10-12 11:55:55",3.08,7374.54958283643,7.37454958283643,"SSCN_07_09_S",3.47904951523077,0.046615392,0.0258716288,0.4371982,0.38433,0.2032037552,0.1293123303,0.0724870208,0.3118429792,0.0528682,12.6,1.75,5.5055,0.0420099219794592,11.2281666666667,-2.11716666666667,-0.491166666666667,1.2515,-146.378666666667,29.9,24.4645,100.968666666667,1.04766666666667,-0.596628080527508,-135.045445036112,20.1301666807141,0.732672686087584,0.0256591483413504,23.8262698360719,0.206099827465334,7.42359583047905,18.7789020324412,-10.225907646995,-10.7885487186442,5.63,1.80916417165497,10,10.9368070953437,-5.83,0.153,0.278735946566395,3.04848127813469,0.475497392391888,5.20042325492903,-0.196761445825493,-2.15194197679434,0.586198685894518,0.00204457099882103,0.0020430338019997,0.00201803880361984,0.00198954350974658,0.00205840577021296
2018-10-16,"EC2",-0.0375,0.075,18.5,853,8.18,2.3,0.6,92.2,8.62,14.6,"SSCN_08_02","SSCN",8,2,1005,1021,39,33,33,44,0,0,0.55,13.8,846,848,4.4,501,502,NA,500,500,500,NA,NA,33,33,733.918769538664,733.918769538664,"2018-10-16 10:05:00","2018-10-16 10:21:00","2018-10-16 10:13:10",18.6,847.56,8.21,-91.05,8.57,91.83,12.78,1.99,-1.04,"2018-10-16 10:13:10",4.44,10638.2737541824,10.6382737541824,"SSCN_08_02_S",3.5670369086,0.076350622,0.0437322,0.3994352,0.308804,0.1495553304,0.1223195103,0.120082822,0.188721178,0.0906312,14.6818181818182,2.10227272727275,NA,NA,NA,NA,NA,NA,NA,NA,NA,NA,NA,NA,NA,NA,NA,NA,NA,NA,NA,NA,NA,NA,7.905,4.41690785504973,10,10.5044345898004,-6.1,0.153,NA,NA,NA,NA,NA,NA,NA,0.00204457099882103,NA,NA,0.00198900425760581,NA
2018-10-16,"EC3",-0.041,0.078,18.49,857,8.23,2.3,0.6,92.3,8.63,12.5,"SSCN_08_03","SSCN",8,3,947,959,37,31,36,36,0,0,0.55,13.6,852,853,4.4,499,500,NA,500,500,500,NA,NA,31,31,689.438844112079,689.438844112079,"2018-10-16 09:47:00","2018-10-16 09:59:00","2018-10-16 09:53:10",18.57,852.94,8.21,-90.865,8.55,91.57,12.12,1.96,-1.04,"2018-10-16 09:53:10",4.41,10603.2737541818,10.6032737541818,"SSCN_08_03_S",3.39290053557148,0.041709902,0.0410193,0.3427907,0.3201329,0.1495553304,0.1223195103,0.082729202,0.237403698,0.0226578,13.2842105263158,1.96842105263155,NA,NA,NA,NA,NA,NA,NA,NA,NA,NA,NA,NA,NA,NA,NA,NA,NA,NA,NA,NA,NA,NA,7.905,4.41690785504973,10,10.4462305986696,-6.01,0.153,NA,NA,NA,NA,NA,NA,NA,0.00204457099882103,NA,NA,0.00198918400838415,NA
2018-10-16,"EC4",-0.03775,0.069,18.5,868,8.26,2.3,0.5,92.6,8.65,12.6,"SSCN_08_04","SSCN",8,4,928,941,37,31,44,38,10,0,0.6,13,861,865,4.3,497,498,NA,500,500,500,NA,NA,31.4782249684581,31,700.074549579153,689.438844112079,"2018-10-16 09:28:00","2018-10-16 09:41:00","2018-10-16 09:34:30",18.57,863.64,8.21,-90.98,8.54,91.48,11.86,1.95,-1.05,"2018-10-16 09:34:30",4.36,10493.7737541818,10.4937737541818,"SSCN_08_04_S",3.54631888685376,0.062703262,0.044117,0.3767774,0.3201329,0.1495553304,0.1205769088,0.106820262,0.213312638,0.0566445,13.6117647058824,1.98823529411764,NA,NA,NA,NA,NA,NA,NA,NA,NA,NA,NA,NA,NA,NA,NA,NA,NA,NA,NA,NA,NA,NA,7.905,4.41690785504973,10,10.9312638580931,-6.01,0.153,NA,NA,NA,NA,NA,NA,NA,0.00204457099882103,NA,NA,0.00198918400838415,NA
2018-10-16,"EC5",-0.03875,0.06475,18.54,875,8.22,2.6,0.6,92.6,8.65,12.6,"SSCN_08_05","SSCN",8,5,908,922,36,30,45,34,30,0,0.6,13.3,868,870,4.3,495,496,NA,500,500,500,NA,NA,34.6410161513775,30,770.414907557212,667.198881398786,"2018-10-16 09:08:00","2018-10-16 09:22:00","2018-10-16 09:14:56",18.58,869.72,8.21,-90.96,8.53,91.36,11.73,1.97,-1.04,"2018-10-16 09:14:55",4.33,10542.7737541817,10.5427737541817,"SSCN_08_05_S",3.43693089722577,0.047458918,0.0449861968,0.3314618,0.3314618,0.1562415574,0.1240643532,0.0924451148,0.2390166852,0,12.7,1.91111111111111,5.802,0.038981385126184,9.05216666666666,-1.81583333333334,-0.496666666666666,0.976499999999999,-111.209166666667,25.114,9.58966666666668,69.1916666666666,1.272,-0.678894105957238,-85.7445637558764,4.47516883583256,0.742672291167785,0.327639556485404,24.1354373779297,0.123767725377921,-8.03640597784432,19.8492662664479,-10.2160175431617,-10.7524567710277,7.905,4.41690785504973,10,9.91407982261641,-6.01,0.153,0.25767041437204,2.55456505601105,0.460356927178502,4.56401532294208,-0.202686512806462,-2.00945026693103,0.559718772890622,0.00204457099882103,0.00204364947800091,0.00201864694728329,0.00198918400838415,0.00205610246205654
2018-10-16,"EC6",-0.037,0.0975,18.65,879,8.18,2.5,0.6,93.7,8.73,11.2,"SSCN_08_06","SSCN",8,6,1043,1058,39,33,46,41,0,0,0.6,11.7,872,875,4.1,503,504,NA,500,500,500,NA,NA,33,33,733.918769538664,733.918769538664,"2018-10-16 10:43:00","2018-10-16 10:58:00","2018-10-16 10:50:35",18.77,874.83,8.24,-92.3,8.58,92.27,11.57,2.13,-1.04,"2018-10-16 10:50:35",4.16,9650.53532506152,9.65053532506152,"SSCN_08_06_S",3.451115136788,0.049991632,0.0432478368,0.321,0.3201329,0.1428562246,0.1258114375,0.0932394688,0.2268934312,0.00086710000000001,12.88,2.10666666666665,NA,NA,NA,NA,NA,NA,NA,NA,NA,NA,NA,NA,NA,NA,NA,NA,NA,NA,NA,NA,NA,NA,7.905,4.41690785504973,10,10.6984478935698,-6.01,0.153,NA,NA,NA,NA,NA,NA,NA,0.00204457099882103,NA,NA,0.00198918400838415,NA
2018-10-16,"EC7",-0.03825,0.095,NA,NA,NA,NA,NA,NA,NA,NA,"SSCN_08_07","SSCN",8,7,1111,1125,38,32,37,37,0,10,0.7,10.5,876,883,4.1,505,506,NA,500,500,500,NA,NA,32,32.4936515803438,711.678806825372,722.657599565577,"2018-10-16 11:11:00","2018-10-16 11:25:00","2018-10-16 11:17:25",18.98,880.09,8.26,-93.4,8.64,93.43,10.78,2.14,-1.04,"2018-10-16 11:17:25",4.17,9538.5353250614,9.5385353250614,"SSCN_08_07_S",3.4501342108304,0.049147038,0.0406405488,0.3541196,0.3503433,0.1495553304,0.1258114375,0.0897875868,0.2605557132,0.00377630000000001,10.76,1.88,NA,NA,NA,NA,NA,NA,NA,NA,NA,NA,NA,NA,NA,NA,NA,NA,NA,NA,NA,NA,NA,NA,7.905,4.41690785504973,10,10.4212860310421,-6.01,0.153,NA,NA,NA,NA,NA,NA,NA,0.00204457099882103,NA,NA,0.00198918400838415,NA
2018-10-16,"EC8",-0.045,0.1095,18.94,893,8.25,4.3,1,95.5,8.84,9.7,"SSCN_08_08","SSCN",8,8,1130,1143,40,34,40,40,10,10,0.7,9.64,885,889,4.1,507,508,NA,500,500,500,NA,NA,34.5245048041153,34.5245048041153,767.823699538425,767.823699538425,"2018-10-16 11:30:00","2018-10-16 11:43:00","2018-10-16 11:36:26",19.23,887.35,8.28,-94.75,8.72,94.76,10.14,2.49,-1.03,"2018-10-16 11:36:25",4.11,9184.1070094503,9.1841070094503,"SSCN_08_08_S",3.5266806748288,0.061853328,0.03977152,0.3503433,0.3201329,0.1428562246,0.1240643532,0.101624848,0.218508052,0.0302104,11.1066666666666,2.02666666666664,NA,NA,NA,NA,NA,NA,NA,NA,NA,NA,NA,NA,NA,NA,NA,NA,NA,NA,NA,NA,NA,NA,7.905,4.41690785504973,10,10.6014412416851,-5.95,0.153,NA,NA,NA,NA,NA,NA,NA,0.00204457099882103,NA,NA,0.0019893038422004,NA
2018-10-16,"NL70",-0.04225,0.07225,18.28,734,8.27,2.5,0.6,94.1,8.84,17,"SSCN_08_01","SSCN",8,1,835,851,34,28,29,40,20,20,0.45,18.4,728,736,6.1,NA,NA,NA,500,500,500,NA,NA,29.7969776293255,29.7969776293255,662.683671445022,662.683671445022,"2018-10-16 08:35:00","2018-10-16 08:51:00","2018-10-16 08:42:42",18.3,728.345,8.1,-85.28,8.62,91.76,15.76,2.28,-1.03,"2018-10-16 08:42:42",6.16,14885.6651854489,14.8856651854489,"SSCN_08_01_S",3.2884891326746,0.041561712,0.067244,0.5580398,0.3427907,0.1562415574,0.1223195103,0.108805712,0.233984988,0.2152491,19.21875,2.78125,NA,NA,NA,NA,NA,NA,NA,NA,NA,NA,NA,NA,NA,NA,NA,NA,NA,NA,NA,NA,NA,NA,7.905,4.41690785504973,10,10.2272727272727,-6.73,0.153,NA,NA,NA,NA,NA,NA,NA,0.00204457099882103,NA,NA,0.00198774600034443,NA
2018-10-16,"NL76",-0.04025,0.108,19.29,962,8.29,2.5,0.6,94.6,8.7,7.7,"SSCN_08_09","SSCN",8,9,1155,1206,39,33,40,36,0,0,0.9,6.98,954,956,3.2,NA,NA,NA,500,500,500,NA,NA,33,33,733.918769538664,733.918769538664,"2018-10-16 11:55:00","2018-10-16 12:06:00","2018-10-16 12:00:27",19.44,956.4,8.36,-98.74,8.57,93.4,8.48,2.22,-1.04,"2018-10-16 12:00:25",3.25,7345.54958283588,7.34554958283588,"SSCN_08_09_S",3.68096141429768,0.0483028,0.0258716288,0.3314618,0.3012514,0.1629149056,0.1258114375,0.0741744288,0.2270769712,0.0302104,10.5465838509317,1.85093167701864,NA,NA,NA,NA,NA,NA,NA,NA,NA,NA,NA,NA,NA,NA,NA,NA,NA,NA,NA,NA,NA,NA,7.905,4.41690785504973,10,10.9368070953437,-5.83,0.153,NA,NA,NA,NA,NA,NA,NA,0.00204457099882103,NA,NA,0.00198954350974658,NA
2018-10-19,"EC5",-0.036,0.09525,18.65,875,8.24,3.9,0.9,96.6,9.01,10.2,"SSCN_09_05","SSCN",9,5,908,923,34,28,40,38,0,45,0.6,12.1,868,878,3.6,509,510,NA,500,500,500,200,NA,28,39.5979797464467,622.7189559722,880.6575930827,"2018-10-19 09:08:00","2018-10-19 09:23:00","2018-10-19 09:15:40",18.72,872.79,8.3,-95.41,9.02,96.91,9.36,3.07,-1.02,"2018-10-19 09:15:40",3.6,12050.9753366173,12.0509753366173,"SSCN_09_05_S",3.47298792557095,0.04408695,0.0328204992,0.3163566,0.2936988,0.1495553304,0.1240643532,0.0769074492,0.2167913508,0.0226578,11.9263157894737,1.84210526315789,6.026,0.042940208060257,8.37916666666666,-3.4985,-1.18083333333333,0.892166666666667,-102.912,21.0926666666667,18.4691666666667,71.3621666666667,1.13166666666667,-1.38680320604036,-72.4948222536495,12.6991524221734,0.616978834385838,-1.35864042173539,22.4090239362272,-0.584709972337505,0.0851410435128699,20.1369294693267,-10.3403345865608,-10.8568595264405,2.05,0.0649999999999999,10,9.91407982261641,-6.01,0.153,0.229641350722777,2.27668268163906,0.268719639172607,2.6641079526619,-0.0390782884498299,-0.387425271022843,0.85457598644389,0.00204457099882103,0.00204021148987221,0.00201525102038119,0.00198918400838415,0.0021684323413081
2018-10-19,"NL70",-0.03225,0.07975,18.3,765,8.35,2.8,0.7,93.7,8.8,15.9,"SSCN_09_01","SSCN",9,1,836,857,31,25,31,32,0,0,0.5,17.2,762,762,5.1,NA,NA,NA,500,500,500,200,NA,25,25,555.999067832322,555.999067832322,"2018-10-19 08:36:00","2018-10-19 08:57:00","2018-10-19 08:46:57",18.37,763.72,8.16,-88.14,8.8,93.82,13.31,2.76,-1.03,"2018-10-19 08:46:55",5.35,14895.1651854486,14.8951651854486,"SSCN_09_01_S",3.24010595744462,0.03818875,0.0518709,0.3239092,0.2974751,0.1495553304,0.1188365487,0.09005965,0.20741545,0.0264341,15.7307692307692,2.2179487179487,5.831,0.0449672273772913,12.3388333333333,-2.52533333333333,-0.6475,1.321,-112.532,29.5688333333334,22.217,95.661,1.04383333333333,-0.713778755047751,-107.688991057759,17.8286832956867,0.693039497985344,-0.383384004061959,23.4074914566414,0.0888550566887085,5.15077933782249,19.3728340098685,-10.2651068296055,-10.7992156669249,2.05,0.0649999999999999,10,10.2272727272727,-6.73,0.153,0.14842348084297,1.51796741771219,0.218269363926469,2.23230031288433,-0.0698458830834981,-0.714332895172138,0.680001435716708,0.00204457099882103,0.00204219984584741,0.00201721505030054,0.00198774600034443,0.00207983719463498
2018-10-19,"NL76",-0.035,0.10125,19.56,979.5,8.32,2.85,0.7,98.65,9.025,3.65,"SSCN_09_09","SSCN",9,9,1150,1205,35,29,32,37,0,0,1.2,4.67,976,977,2.1,NA,NA,NA,500,500,500,200,NA,29,29,644.958918685493,644.958918685493,"2018-10-19 11:50:00","2018-10-19 12:05:00","2018-10-19 11:57:30",19.88,977.74,8.4,-101.14,9.08,99.89,4.41,2.43,-1.05,"2018-10-19 11:57:30",2.11,7352.54958283604,7.35254958283604,"SSCN_09_09_S",3.6120003745066,0.03818875,0.0102445328,0.2936988,0.2785936,0.144,0.1258114375,0.0484332828,0.2301603172,0.0151052,5.06666666666666,1.34358974358975,5.66,0.0423639755468515,10.873,-4.52416666666667,-1.55916666666667,1.1145,-73.9681666666666,26.98,23.319,89.7870000000001,1.29,-1.67715782931663,-59.7906820611674,18.5086783034218,0.899586429631119,-2.3865095764472,21.3566914956333,-0.875297810515653,5.82230444139653,20.4127472018444,-10.0608217019407,-10.6096419227942,2.05,0.0649999999999999,10,10.9368070953437,-5.83,0.153,0.305152906796668,3.33739847621855,0.319490318756008,3.49420398506433,-0.0143374119593401,-0.156805508845776,0.955124111381008,0.00204457099882103,0.00203811585827645,0.00201318102727868,0.00198954350974658,0.00251627441713407
2018-10-22,"EC2",-0.047,0.0795,18.79,853,8.22,3.7,0.9,98.2,9.12,9.5,"SSCN_10_02","SSCN",10,2,1120,1134,33,27,33,30,0,0,0.7,10.2,846,848,3.1,534,535,NA,500,500,500,NA,NA,27,27,600.478993258907,600.478993258907,"2018-10-22 11:20:00","2018-10-22 11:34:00","2018-10-22 11:27:09",18.91,847.64,8.36,-98.89,9.02,97.27,8.74,3.23,-1.01,"2018-10-22 11:27:10",3.08,12267.4753366175,12.2674753366175,"SSCN_10_02_S",3.3620128303802,0.03988,0.0293457952,0.3125803,0.3012514,0.1495553304,0.11709843,0.0692257952,0.2320256048,0.0113289,10.2105263157895,1.75789473684209,NA,NA,NA,NA,NA,NA,NA,NA,NA,NA,NA,NA,NA,NA,NA,NA,NA,NA,NA,NA,NA,NA,3.69,0.700160695840605,10,10.5044345898004,-6.1,0.153,NA,NA,NA,NA,NA,NA,NA,0.00204457099882103,NA,NA,0.00198900425760581,NA
2018-10-22,"EC3",-0.05575,0.0725,18.77,857,8.19,4.6,1.1,98.6,9.17,9.1,"SSCN_10_03","SSCN",10,3,1059,1113,33,27,33,39,10,30,0.7,9.92,851,855,3.05,532,533,NA,500,500,500,NA,NA,27.4165185209151,31.1769145362398,609.742349633455,693.373416801491,"2018-10-22 10:59:00","2018-10-22 11:13:00","2018-10-22 11:05:53",18.93,853.33,8.36,-98.774,8.96,96.72,8.45,2.63,-1.03,"2018-10-22 11:05:55",3.11,12135.4753366181,12.1354753366181,"SSCN_10_03_S",3.45451856943689,0.0483028,0.0284772032,0.3125803,0.2899225,0.1495553304,0.11709843,0.0767800032,0.2131424968,0.0226578,10.11,1.78,NA,NA,NA,NA,NA,NA,NA,NA,NA,NA,NA,NA,NA,NA,NA,NA,NA,NA,NA,NA,NA,NA,3.69,0.700160695840605,10,10.4462305986696,-6.01,0.153,NA,NA,NA,NA,NA,NA,NA,0.00204457099882103,NA,NA,0.00198918400838415,NA
2018-10-22,"EC4",-0.04825,0.08125,18.74,869,8.21,3.5,0.8,96.6,8.99,9.6,"SSCN_10_04","SSCN",10,4,1038,1052,34,28,38,36,45,10,0.7,10.8,861,865,3,530,531,NA,500,500,500,NA,NA,39.5979797464467,28.4319451328009,880.6575930827,632.32539961988,"2018-10-22 10:38:00","2018-10-22 10:52:00","2018-10-22 10:44:55",18.82,863.3,8.37,-99.15,8.88,95.59,8.54,2.4,-1.04,"2018-10-22 10:44:55",3.03,11665.9753366173,11.6659753366173,"SSCN_10_04_S",3.42120660704308,0.044929408,0.0258716288,0.284158555,0.2318682911,0.1960884646,0.1188365487,0.0708010368,0.1610672543,0.0522902639,7.68421052631577,0.936842105263143,NA,NA,NA,NA,NA,NA,NA,NA,NA,NA,NA,NA,NA,NA,NA,NA,NA,NA,NA,NA,NA,NA,3.69,0.700160695840605,10,10.9312638580931,-6.01,0.153,NA,NA,NA,NA,NA,NA,NA,0.00204457099882103,NA,NA,0.00198918400838415,NA
2018-10-22,"EC5",-0.062,0.02125,18.64,875,8.22,2.6,0.6,96.1,8.96,8.7,"SSCN_10_05","SSCN",10,5,1018,1032,32,26,34,34,0,0,0.7,10,869,871,3,528,529,NA,500,500,500,NA,NA,26,26,578.239030545614,578.239030545614,"2018-10-22 10:18:00","2018-10-22 10:32:00","2018-10-22 10:24:51",18.73,870.31,8.38,-99.64,8.84,95.015,7.91,2.32,-1.04,"2018-10-22 10:24:50",3.01,11378.5992759415,11.3785992759415,"SSCN_10_05_S",3.52689931537654,0.034843408,0.0258716288,0.3482126919,0.2863569662,0.13614424,0.1240643532,0.0607150368,0.2256419294,0.0618557257,8.92999999999998,1.51999999999998,5.431,0.0476948711905383,8.84633333333334,-4.00333333333333,-1.58633333333333,0.948833333333334,-109.456833333334,19.9691666666666,18.2921666666667,77.7206666666667,1.2855,-1.77582226476589,-82.4426003619222,12.3390110037187,0.813699822661349,-1.86455782011402,21.8910657037673,-0.974041493942367,-0.270514513628149,19.9209547115043,-10.1457678027117,-10.7147838320733,3.69,0.700160695840605,10,9.91407982261641,-6.01,0.153,0.405754841878387,4.02268589079543,0.468039030886922,4.64017631231297,-0.0622841890085343,-0.617490421517537,0.866925224397402,0.00204457099882103,0.00203918002069512,0.00201423217046199,0.00198918400838415,0.00217741022905158
2018-10-22,"EC6",-0.042,0.02725,18.605,878,8.2,2.65,0.65,95.95,8.95,9.1,"SSCN_10_06","SSCN",10,6,959,1013,31,25,33,37,20,30,0.7,11.3,872,876,3,526,527,NA,500,500,500,NA,NA,26.6044443118978,28.8675134594813,591.681849504484,642.012422964344,"2018-10-22 09:59:00","2018-10-22 10:13:00","2018-10-22 10:06:09",18.69,873.77,8.37,-99.36,8.8,94.5,8.58,2.27,-1.04,"2018-10-22 10:06:10",2.98,11121.0123996262,11.1210123996262,"SSCN_10_06_S",3.45217569898311,0.042403102,0.0250031712,0.3236982975,0.3189457262,0.1428562246,0.1258114375,0.0674062732,0.251539453,0.00475257130000006,9.15000000000001,1.51000000000002,NA,NA,NA,NA,NA,NA,NA,NA,NA,NA,NA,NA,NA,NA,NA,NA,NA,NA,NA,NA,NA,NA,3.69,0.700160695840605,10,10.6984478935698,-6.01,0.153,NA,NA,NA,NA,NA,NA,NA,0.00204457099882103,NA,NA,0.00198918400838415,NA
2018-10-22,"EC7",-0.0525,0.0215,18.57,883,8.29,2.6,0.6,94.9,8.86,9.7,"SSCN_10_07","SSCN",10,7,937,952,32,26,30,33,0,30,0.7,11.5,877,879,3,524,525,NA,500,500,500,NA,NA,26,30.0222139978605,578.239030545614,667.692919882917,"2018-10-22 09:37:00","2018-10-22 09:52:00","2018-10-22 09:44:22",18.66,879.32,8.37,-99.18,8.71,93.48,9.23,2.24,-1.05,"2018-10-22 09:44:20",2.97,10959.7737541824,10.9597737541824,"SSCN_10_07_S",3.41028313932818,0.0390690095,0.0250031712,0.3277831104,0.2782116152,0.13614424,0.1240643532,0.0640721807,0.2141394345,0.0495714952000001,11.49,1.71000000000001,NA,NA,NA,NA,NA,NA,NA,NA,NA,NA,NA,NA,NA,NA,NA,NA,NA,NA,NA,NA,NA,NA,3.69,0.700160695840605,10,10.4212860310421,-6.01,0.153,NA,NA,NA,NA,NA,NA,NA,0.00204457099882103,NA,NA,0.00198918400838415,NA
2018-10-22,"EC8",-0.067,0.05125,18.6,893,8.25,2.9,0.7,95.7,8.93,9,"SSCN_10_08","SSCN",10,8,915,929,33,27,27,34,30,10,0.7,10.1,886,889,3,523,NA,NA,500,500,500,NA,NA,31.1769145362398,27.4165185209151,693.373416801491,609.742349633455,"2018-10-22 09:15:00","2018-10-22 09:29:00","2018-10-22 09:22:00",18.64,887.38,8.37,-99.18,8.7,93.37,8.67,2.18,-1.05,"2018-10-22 09:22:00",2.97,10638.2737541824,10.6382737541824,"SSCN_10_08_S",3.4388547668525,0.0302672695,0.0232663568,0.3155297751,0.2782116152,0.13614424,0.1240643532,0.0535336263,0.2246779889,0.0373181599000001,10.67,1.88999999999999,NA,NA,NA,NA,NA,NA,NA,NA,NA,NA,NA,NA,NA,NA,NA,NA,NA,NA,NA,NA,NA,NA,3.69,0.700160695840605,10,10.6014412416851,-5.95,0.153,NA,NA,NA,NA,NA,NA,NA,0.00204457099882103,NA,NA,0.0019893038422004,NA
2018-10-22,"NL70",-0.0435,0.1245,18.61,760,8.21,7.9,1.9,97.7,9.12,15.8,"SSCN_10_01","SSCN",10,1,1142,1153,33,27,32,35,0,0,0.5,14.7,756,756,4.8,NA,NA,NA,500,500,500,NA,NA,27,27,600.478993258907,600.478993258907,"2018-10-22 11:42:00","2018-10-22 11:53:00","2018-10-22 11:47:29",19,756.61,8.31,-95.93,9.09,98.23,11.88,3.27,-1.01,"2018-10-22 11:47:30",4.85,14860.1651854486,14.8601651854486,"SSCN_10_01_S",3.4104290560256,0.045772222,0.0446365,0.346567,0.3390144,0.1562415574,0.1118975223,0.090408722,0.248605678,0.00755260000000002,13.0666666666667,2.15555555555555,NA,NA,NA,NA,NA,NA,NA,NA,NA,NA,NA,NA,NA,NA,NA,NA,NA,NA,NA,NA,NA,NA,3.69,0.700160695840605,10,10.2272727272727,-6.73,0.153,NA,NA,NA,NA,NA,NA,NA,0.00204457099882103,NA,NA,0.00198774600034443,NA
2018-10-22,"NL76",-0.04225,0.0365,18.79,968,8.36,2.6,0.6,95.8,8.9,7,"SSCN_10_09","SSCN",10,9,835,848,33,27,30,30,0,0,0.9,9.32,963,968,2.4,NA,NA,NA,500,500,500,NA,NA,27,27,600.478993258907,600.478993258907,"2018-10-22 08:35:00","2018-10-22 08:48:00","2018-10-22 08:41:29",18.84,963.37,8.4,-100.53,8.44,90.95,6.56,2.16,-1.05,"2018-10-22 08:41:30",2.43,7354.54958283582,7.35454958283582,"SSCN_10_09_S",3.51004794466492,0.0355480855,0.0154523552,0.3277831104,0.2374958942,0.13614424,0.1293123303,0.0510004407,0.1864954535,0.0902872162,8.10000000000001,1.57000000000002,NA,NA,NA,NA,NA,NA,NA,NA,NA,NA,NA,NA,NA,NA,NA,NA,NA,NA,NA,NA,NA,NA,3.69,0.700160695840605,10,10.9368070953437,-5.83,0.153,NA,NA,NA,NA,NA,NA,NA,0.00204457099882103,NA,NA,0.00198954350974658,NA
2018-10-25,"EC2",-0.05475,0.03275,18.08,853,8.24,2,0.5,92.7,8.74,11.2,"SSCN_11_02","SSCN",11,2,908,923,34,28,37,32,0,0,0.6,11.7,845,850,3.25,537,NA,NA,500,500,500,NA,NA,28,28,622.7189559722,622.7189559722,"2018-10-25 09:08:00","2018-10-25 09:23:00","2018-10-25 09:15:31",18.17,847.63,8.25,-92.95,8.7,92.4,10.47,1.76,-1.05,"2018-10-25 09:15:30",3.25,11075.273754182,11.075273754182,"SSCN_11_02_S",4.181479693195,0.02731255,0.0319517728,0.3578959,0.3012514,0.13614424,0.11709843,0.0592643228,0.2419870772,0.0566445,12.2421052631579,2.01052631578947,5.7315,0.0466827070173524,8.59416666666667,-3.241,-1.18466666666667,0.970666666666667,-152.8195,20.7985,27.8221666666667,79.2001666666666,1.10783333333334,-1.38305166094199,-124.15850589445,22.0042003967213,0.646012284010244,-1.10058747340424,22.6732185447287,-0.580955413971352,9.27428689574816,19.0152667783127,-10.3116190693859,-10.8539552879305,3.39333333333333,1.92731246385565,10,10.5044345898004,-6.1,0.153,0.299986564912729,3.15118924894468,0.403621943573274,4.23982030527356,-0.103635378660545,-1.08863105632889,0.743236510525023,0.00204457099882103,0.00204073760984062,0.00201577070366326,0.00198900425760581,0.00209324978765445
2018-10-25,"EC3",-0.0505,0.0145,18.11,857,8.21,2.5,0.6,93.4,8.8,12.5,"SSCN_11_03","SSCN",11,3,934,949,38,32,34,35,0,0,0.6,12.3,851,855,3.14,538,NA,NA,500,500,500,NA,NA,32,32,711.678806825372,711.678806825372,"2018-10-25 09:34:00","2018-10-25 09:49:00","2018-10-25 09:41:27",18.19,853.86,8.27,-93.66,8.71,92.6,10.38,1.91,-1.05,"2018-10-25 09:41:25",3.1,11142.0123996264,11.1420123996264,"SSCN_11_03_S",3.47396718507999,0.0314928,0.0284772032,0.4032115,0.2899225,0.13614424,0.1205769088,0.0599700032,0.2299524968,0.113289,11.8736842105263,1.96842105263158,NA,NA,NA,NA,NA,NA,NA,NA,NA,NA,NA,NA,NA,NA,NA,NA,NA,NA,NA,NA,NA,NA,3.39333333333333,1.92731246385565,10,10.4462305986696,-6.01,0.153,NA,NA,NA,NA,NA,NA,NA,0.00204457099882103,NA,NA,0.00198918400838415,NA
2018-10-25,"EC4",-0.04325,0.02775,18.17,869,8.22,2.5,0.6,93.5,8.8,10.7,"SSCN_11_04","SSCN",11,4,956,1011,39,33,48,39,30,0,0.6,12.2,861,864,2.75,539,NA,NA,500,500,500,NA,NA,38.1051177665153,33,847.456398312934,733.918769538664,"2018-10-25 09:56:00","2018-10-25 10:11:00","2018-10-25 10:03:25",18.23,862.91,8.28,-94.22,8.71,92.64,10,1.75,-1.05,"2018-10-25 10:03:25",2.95,11064.2737541824,11.0642737541824,"SSCN_11_04_S",3.41372950513373,0.03568195,0.0284772032,0.4674086,0.2974751,0.1428562246,0.1258114375,0.0641591532,0.2333159468,0.1699335,11.5473684210526,1.95789473684209,NA,NA,NA,NA,NA,NA,NA,NA,NA,NA,NA,NA,NA,NA,NA,NA,NA,NA,NA,NA,NA,NA,3.39333333333333,1.92731246385565,10,10.9312638580931,-6.01,0.153,NA,NA,NA,NA,NA,NA,NA,0.00204457099882103,NA,NA,0.00198918400838415,NA
2018-10-25,"EC5",-0.04975,0.04825,18.19,876,8.22,2.5,0.6,93.9,8.84,10.8,"SSCN_11_05","SSCN",11,5,1019,1034,35,29,38,38,0,0,0.6,11.6,868,871,2.8,541,542,NA,500,500,500,NA,NA,29,29,644.958918685493,644.958918685493,"2018-10-25 10:19:00","2018-10-25 10:34:00","2018-10-25 10:26:24",18.29,870.41,8.29,-94.75,8.75,93.22,9.78,1.96,-1.05,"2018-10-25 10:26:25",2.83,10928.7737541821,10.9287737541821,"SSCN_11_05_S",3.45321386292722,0.030656038,0.0258716288,0.2974751,0.2861462,0.13614424,0.1275607632,0.0565276668,0.2296185332,0.0113289,12,2.11764705882351,5.149,0.0383688161278261,11.1791666666666,-3.2095,-1.18516666666667,1.18016666666667,-93.7100000000002,30.8061666666667,16.1828333333333,77.1775,1.34016666666666,-1.29235672723985,-82.4027896537232,11.996213987069,0.864702866684925,-1.06901983118118,22.7055374968367,-0.490187633452432,-0.60904170793391,19.9218190359763,-10.095323270437,-10.6894819996516,3.39333333333333,1.92731246385565,10,9.91407982261641,-6.01,0.153,0.299476486957712,2.9690337966955,0.391472615443738,3.88109075787764,-0.0919961284860261,-0.912056961182139,0.764999836880673,0.00204457099882103,0.00204080197010924,0.0020158342765319,0.00198918400838415,0.0021025893260401
2018-10-25,"EC6",-0.05075,0.057,18.24,877,8.2,2.9,0.7,94.6,8.89,10.7,"SSCN_11_06","SSCN",11,6,1046,1101,37,31,34,38,0,0,0.6,11.3,873,875,2.7,543,544,NA,500,500,500,NA,NA,31,31,689.438844112079,689.438844112079,"2018-10-25 10:46:00","2018-10-25 11:01:00","2018-10-25 10:53:18",18.35,873.92,8.29,-94.86,8.78,93.69,10.78,1.79,-1.05,"2018-10-25 10:53:20",2.7,11026.7737541819,11.0267737541819,"SSCN_11_06_S",3.4688637533863,0.034843408,0.0250031712,0.3125803,0.3012514,0.1428562246,0.1223195103,0.0598465792,0.2414048208,0.0113289,10.9473684210526,1.97894736842108,NA,NA,NA,NA,NA,NA,NA,NA,NA,NA,NA,NA,NA,NA,NA,NA,NA,NA,NA,NA,NA,NA,3.39333333333333,1.92731246385565,10,10.6984478935698,-6.01,0.153,NA,NA,NA,NA,NA,NA,NA,0.00204457099882103,NA,NA,0.00198918400838415,NA
2018-10-25,"EC7",-0.0385,0.01825,18.28,883.5,8.225,3.05,0.7,94.25,8.85,10.1,"SSCN_11_07","SSCN",11,7,1106,1121,37,31,32,38,0,0,0.6,10.5,877,880,2.6,545,546,NA,500,500,500,NA,NA,31,31,689.438844112079,689.438844112079,"2018-10-25 11:06:00","2018-10-25 11:21:00","2018-10-25 11:13:16",18.46,878.06,8.31,-95.84,8.83,94.43,10.06,1.77,-1.04,"2018-10-25 11:13:15",2.63,11068.7737541816,11.0687737541816,"SSCN_11_07_S",3.45972719031197,0.036520848,0.0232663568,0.3125803,0.2899225,0.13614424,0.1240643532,0.0597872048,0.2301352952,0.0226578,10.43,1.84999999999999,NA,NA,NA,NA,NA,NA,NA,NA,NA,NA,NA,NA,NA,NA,NA,NA,NA,NA,NA,NA,NA,NA,3.39333333333333,1.92731246385565,10,10.4212860310421,-6.01,0.153,NA,NA,NA,NA,NA,NA,NA,0.00204457099882103,NA,NA,0.00198918400838415,NA
2018-10-25,"EC8",-0.04225,0.0795,18.42,893,8.25,2.7,0.6,95.2,8.91,9.4,"SSCN_11_08","SSCN",11,8,1128,1146,32,26,33,33,0,0,0.7,10.3,885,888,2.5,547,548,NA,500,500,500,NA,NA,26,26,578.239030545614,578.239030545614,"2018-10-25 11:28:00","2018-10-25 11:46:00","2018-10-25 11:37:35",18.6,887.66,8.33,-96.9,8.9,95.39,9.62,1.99,-1.04,"2018-10-25 11:37:35",2.52,10867.7737541822,10.8677737541822,"SSCN_11_08_S",3.51190754853364,0.0314928,0.0215296768,0.2936988,0.2672647,0.13614424,0.1223195103,0.0530224768,0.2142422232,0.0264341,9.94999999999999,1.91,5.7245,0.0456844342684939,7.442,-3.64966666666667,-1.386,0.818166666666666,-130.214333333333,18.1003333333334,22.8083333333333,73.1175,1.31066666666666,-1.62503171101825,-93.2326872747829,16.550539675261,0.807818439687167,-1.51013169949354,22.2539271660585,-0.823129824147784,3.88855606070205,19.6866927102288,-10.1515847812655,-10.694556952995,3.39333333333333,1.92731246385565,10,10.6014412416851,-5.95,0.153,0.324160768470138,3.43657133979566,0.392173707579374,4.15760651743652,-0.0680129391092352,-0.721035177640863,0.826574454649105,0.00204457099882103,0.00203990262824649,0.00201494593744765,0.0019893038422004,0.00213716034854934
2018-10-25,"NL70",-0.05225,0.0265,17.78,694,8.15,2.7,0.7,94.7,8.99,25.9,"SSCN_11_01","SSCN",11,1,825,847,36,30,36,38,0,10,0.4,27.4,687,691,6.8,536,NA,NA,500,500,500,NA,NA,30,30.4627983565723,667.198881398786,677.491499592728,"2018-10-25 08:25:00","2018-10-25 08:47:00","2018-10-25 08:36:00",17.83,688.7,8.12,-85.72,8.72,91.95,21.59,1.96,-1.04,"2018-10-25 08:36:00",6.78,14900.6651854489,14.9006651854489,"SSCN_11_01_S",3.18369047790809,0.030656038,0.0799042,0.3580398,0.2936988,0.169575375,0.1153625527,0.110560238,0.183138562,0.064341,17.74,2.33999999999997,5.916,0.0439623044391996,7.6335,-2.0395,-0.437666666666667,0.862833333333334,-155.627833333334,19.834,25.3796666666667,59.81,1.54383333333333,-0.669942544105051,-119.897216932257,19.4044775234685,0.951226913675842,0.103492594245802,23.9059557179889,0.132726477188372,6.70694573608321,19.1077830006895,-10.0097467099683,-10.5359802561056,3.39333333333333,1.92731246385565,10,10.2272727272727,-6.73,0.153,0.128831709136688,1.31759702526158,0.205740770769338,2.10416697377731,-0.07690906163265,-0.786569948515737,0.626184633482895,0.00204457099882103,0.00204319248847554,0.00201819554868472,0.00198774600034443,0.00206920211763569
2018-10-25,"NL76",-0.0465,0.09975,19.11,986,8.25,4.3,1,98.2,9.07,3.5,"SSCN_11_09","SSCN",11,9,1203,1219,36,30,39,35,0,0,1.2,4.44,979,981,1.6,549,550,NA,500,500,500,NA,NA,30,30,667.198881398786,667.198881398786,"2018-10-25 12:03:00","2018-10-25 12:19:00","2018-10-25 12:10:59",19.34,980.3,8.43,-102.43,9.09,98.96,4.73,3.07,-1.02,"2018-10-25 12:11:00",1.65,7350.04958283585,7.35004958283585,"SSCN_11_09_S",3.70628168991654,0.045231358,0.0212276,0.3201329,0.2936988,0.1689149056,0.1240643532,0.066458958,0.227239842,0.0264341,4.48000000000002,1.52000000000001,5.502,0.0465287029765852,8.399,-5.09283333333333,-2.20516666666667,0.883166666666666,-89.672,19.0025,14.6533333333334,76.48,1.36766666666667,-2.41043684903774,-59.6436117344778,8.5426016094096,0.887498276086172,-2.95639738208209,20.7732403602243,-1.60916580516929,-4.01963646705877,20.4159402242303,-10.0727774834694,-10.6354434972865,3.39333333333333,1.92731246385565,10,10.9368070953437,-5.83,0.153,0.498292143890727,5.44972505485813,0.523301679525277,5.72324952163732,-0.0250095356345496,-0.273524466779193,0.952208187718342,0.00204457099882103,0.00203695396058222,0.00201203334453819,0.00198954350974658,0.0024601227516273
2018-10-19,"EC2",NA,NA,19.14,846,8.26,5.5,1.3,100.1,9.24,10.7,"SSCN_09_02","SSCN",9,2,1125,1138,38,32,35,36,0,30,0.6,11.8,842,850,3.7,521,522,NA,500,500,500,200,NA,32,36.950417228136,711.678806825372,821.77590139436,"2018-10-19 11:25:00","2018-10-19 11:38:00","2018-10-19 11:31:29",19.35,847.18,8.28,-94.55,9.32,101.32,10.1,3.39,-1.01,"2018-10-19 11:31:30",3.7,11646.3158493557,11.6463158493557,"SSCN_09_02_S",3.4418889760755,0.050836582,0.03977152,0.3352381,0.308804,0.1428562246,0.1223195103,0.090608102,0.218195898,0.0264341,10.9473684210526,1.84210526315789,5.324,0.045810410224133,8.97183333333333,-3.6365,-1.45133333333333,0.939166666666666,-87.2638333333334,20.58,21.6021666666667,70.9085,1.479,-1.63639481247203,-61.1781280854361,15.7485827732835,0.961252216557928,-1.49693675909341,22.2674361460401,-0.834502052525499,3.09658819985548,20.3826245638219,-9.99983118973839,-10.5784219050731,2.05,0.0649999999999999,10,10.5044345898004,-6.1,0.153,0.194911244046933,2.04743241390764,0.193814852469057,2.03591544029303,0.00109639157787611,0.0115169736146079,1.0056569017488,0.00204457099882103,0.00203992953020387,0.0020149725102796,0.00198900425760581,-0.00260153908695188
2018-10-19,"EC3",NA,NA,19.02,850,8.25,5.3,1.3,99.4,9.2,11.4,"SSCN_09_03","SSCN",9,3,1107,1120,34,28,39,39,0,30,0.55,10.2,848,857,3.6,519,520,NA,500,500,500,200,NA,28,32.331615074619,622.7189559722,719.053913720065,"2018-10-19 11:07:00","2018-10-19 11:20:00","2018-10-19 11:13:40",19.16,853.22,8.29,-94.97,9.28,100.59,10.04,3.55,-1,"2018-10-19 11:13:40",3.57,11708.9753366173,11.7089753366173,"SSCN_09_03_S",3.34747092661391,0.039039678,0.0362957408,0.3239092,0.3163566,0.1428562246,0.1223195103,0.0753354188,0.2410211812,0.00755260000000002,12.6162790697674,2.03488372093023,NA,NA,NA,NA,NA,NA,NA,NA,NA,NA,NA,NA,NA,NA,NA,NA,NA,NA,NA,NA,NA,NA,2.05,0.0649999999999999,10,10.4462305986696,-6.01,0.153,NA,NA,NA,NA,NA,NA,NA,0.00204457099882103,NA,NA,0.00198918400838415,NA
2018-10-19,"EC4",NA,NA,18.86,863,8.26,5.2,1.2,97.6,9.05,9.3,"SSCN_09_04","SSCN",9,4,1050,1104,37,31,39,39,10,0,0.6,10.9,859,868,3.3,517,518,NA,500,500,500,200,NA,31.4782249684581,31,700.074549579153,689.438844112079,"2018-10-19 10:50:00","2018-10-19 11:04:00","2018-10-19 10:57:05",19.05,862.2,8.29,-95.27,9.25,100.07,9.7,3.34,-1.01,"2018-10-19 10:57:05",3.46,11660.3158493552,11.6603158493552,"SSCN_09_04_S",3.33552097351462,0.04408695,0.03542688,0.3201329,0.3050277,0.13614424,0.1223195103,0.07951383,0.22551387,0.0151052,12.4046242774567,1.93063583815031,NA,NA,NA,NA,NA,NA,NA,NA,NA,NA,NA,NA,NA,NA,NA,NA,NA,NA,NA,NA,NA,NA,2.05,0.0649999999999999,10,10.9312638580931,-6.01,0.153,NA,NA,NA,NA,NA,NA,NA,0.00204457099882103,NA,NA,0.00198918400838415,NA
2018-10-19,"EC6",NA,NA,18.68,879,8.28,4.3,1,97.3,9.06,10.6,"SSCN_09_06","SSCN",9,6,936,951,34,28,40,38,0,20,0.6,11.9,871,876,3.5,511,512,NA,500,500,500,200,NA,28,29.7969776293255,622.7189559722,662.683671445022,"2018-10-19 09:36:00","2018-10-19 09:51:00","2018-10-19 09:43:32",18.78,874.81,8.28,-94.69,9.07,97.55,9.25,3.1,-1.02,"2018-10-19 09:43:30",3.48,12008.9753366178,12.0089753366178,"SSCN_09_06_S",3.48296027849692,0.041561712,0.0302144208,0.3427907,0.3050277,0.1495553304,0.1188365487,0.0717761328,0.2332515672,0.0377629999999999,12,2.09473684210527,NA,NA,NA,NA,NA,NA,NA,NA,NA,NA,NA,NA,NA,NA,NA,NA,NA,NA,NA,NA,NA,NA,2.05,0.0649999999999999,10,10.6984478935698,-6.01,0.153,NA,NA,NA,NA,NA,NA,NA,0.00204457099882103,NA,NA,0.00198918400838415,NA
2018-10-19,"EC7",NA,NA,18.71,877,8.26,3.4,0.8,97.1,9.04,10.4,"SSCN_09_07","SSCN",9,7,958,1014,33,27,39,40,30,0,0.6,11.6,875,879,3.4,513,514,NA,500,500,500,200,NA,31.1769145362398,27,693.373416801491,600.478993258907,"2018-10-19 09:58:00","2018-10-19 10:14:00","2018-10-19 10:05:51",18.86,878.67,8.3,-95.62,9.16,98.73,9.33,2.88,-1.02,"2018-10-19 10:05:50",3.39,11871.4753366174,11.8714753366174,"SSCN_09_07_S",3.50491667033378,0.066106558,0.03108308,0.346567,0.3352381,0.1428562246,0.1205769088,0.097189638,0.238048462,0.0113289,10.9578947368421,2.0105263157895,NA,NA,NA,NA,NA,NA,NA,NA,NA,NA,NA,NA,NA,NA,NA,NA,NA,NA,NA,NA,NA,NA,2.05,0.0649999999999999,10,10.4212860310421,-6.01,0.153,NA,NA,NA,NA,NA,NA,NA,0.00204457099882103,NA,NA,0.00198918400838415,NA
2018-10-19,"EC8",NA,NA,18.81,891,8.24,4.1,1,98.5,9.15,8.8,"SSCN_09_08","SSCN",9,8,1027,1039,36,30,38,38,10,0,0.6,9.72,876,890,3.1,515,516,NA,500,500,500,200,NA,30.4627983565723,30,677.491499592728,667.198881398786,"2018-10-19 10:27:00","2018-10-19 10:39:00","2018-10-19 10:32:49",18.95,888.52,8.32,-96.56,9.27,100.08,8.89,3.56,-1,"2018-10-19 10:32:50",3.08,11313.0992759417,11.3130992759417,"SSCN_09_08_S",3.44788725125,0.050836582,0.02674012,0.3390144,0.2974751,0.1428562246,0.1240643532,0.077576702,0.219898398,0.0415392999999999,10.47,1.89999999999998,4.995,0.0460545817065385,9.191,-4.05166666666667,-1.6195,0.966166666666667,-90.3698333333333,21.0323333333333,17.1068333333333,75.7991666666667,1.41816666666666,-1.79682960693893,-65.8630732235675,11.3269841691723,0.933406101033388,-1.91299494310171,21.8414757772523,-0.995065709362253,-1.26993571107498,20.2809104040764,-10.0273723747833,-10.6353135584629,2.05,0.0649999999999999,10,10.6014412416851,-5.95,0.153,0.254761540709899,2.70083950447716,0.270943332432065,2.87238981860489,-0.0161817917221658,-0.171550314127727,0.940276102840717,0.00204457099882103,0.00203908126651847,0.00201413462446921,0.0019893038422004,0.00240506342002205
